;DT;RV1;RV5;BPV1;BPV5;medRV1;medRV5;RK1;RK5;RQ1;RQ5;medRQ1;medRQ5;CLOSE
1;02/01/2014;2.68E-05;2.57E-05;2.54E-05;2.37E-05;2.45E-05;1.93E-05;2.59E-05;2.64E-05;0.053415151;0.054262412;0.047281224;0.047281224;182.95
2;03/01/2014;1.58E-05;1.78E-05;1.55E-05;1.67E-05;1.54E-05;1.63E-05;1.60E-05;1.63E-05;0.030206766;0.030377832;0.029600676;0.029600676;182.8
3;06/01/2014;2.72E-05;2.56E-05;2.18E-05;1.89E-05;2.24E-05;1.64E-05;3.20E-05;2.59E-05;0.062052227;0.050008083;0.041934338;0.041934338;182.4
4;07/01/2014;1.08E-05;9.95E-06;1.00E-05;9.75E-06;1.06E-05;9.32E-06;9.42E-06;9.96E-06;0.021345097;0.016951137;0.020690172;0.020690172;183.45
5;08/01/2014;3.11E-05;2.68E-05;2.58E-05;2.35E-05;2.64E-05;2.32E-05;1.98E-05;1.94E-05;0.088923142;0.053808771;0.082338541;0.082338541;183.53
6;09/01/2014;2.32E-05;1.87E-05;1.98E-05;1.11E-05;2.04E-05;1.01E-05;1.91E-05;2.14E-05;0.047099646;0.043293585;0.045271932;0.045271932;183.63
7;10/01/2014;2.93E-05;2.03E-05;2.77E-05;1.55E-05;2.83E-05;1.76E-05;2.43E-05;1.84E-05;0.064735552;0.035671161;0.061748821;0.061748821;184.07
8;13/01/2014;2.86E-05;2.28E-05;2.61E-05;2.24E-05;2.67E-05;2.12E-05;2.76E-05;2.46E-05;0.058605533;0.038073308;0.052334297;0.052334297;181.72
9;14/01/2014;2.21E-05;2.02E-05;1.82E-05;1.92E-05;1.76E-05;2.15E-05;2.23E-05;1.77E-05;0.058167358;0.035800633;0.039207289;0.039207289;183.68
10;15/01/2014;1.68E-05;1.51E-05;1.58E-05;1.34E-05;1.56E-05;1.12E-05;1.73E-05;1.67E-05;0.033509081;0.035493484;0.029743255;0.029743255;184.67
11;16/01/2014;1.59E-05;1.29E-05;1.68E-05;1.26E-05;1.78E-05;1.29E-05;1.24E-05;1.01E-05;0.027695424;0.021194116;0.035386984;0.035386984;184.4
12;17/01/2014;1.49E-05;1.29E-05;1.39E-05;8.87E-06;1.33E-05;7.81E-06;1.21E-05;1.03E-05;0.038233962;0.031949325;0.028187914;0.028187914;183.61
13;21/01/2014;2.33E-05;2.74E-05;2.18E-05;2.11E-05;1.97E-05;2.21E-05;2.57E-05;3.39E-05;0.055118386;0.072748683;0.048358871;0.048358871;184.195
14;22/01/2014;1.41E-05;1.04E-05;1.38E-05;9.98E-06;1.30E-05;8.83E-06;9.59E-06;1.22E-05;0.0289015;0.018636283;0.024443395;0.024443395;184.35
15;23/01/2014;2.93E-05;2.55E-05;2.69E-05;2.52E-05;2.69E-05;2.65E-05;2.72E-05;2.30E-05;0.058613436;0.042001363;0.052602358;0.052602358;182.78
16;24/01/2014;5.86E-05;5.62E-05;5.43E-05;4.55E-05;5.57E-05;4.59E-05;4.45E-05;3.46E-05;0.120585059;0.101645753;0.126722798;0.126722798;178.89
17;27/01/2014;7.06E-05;7.15E-05;6.80E-05;8.25E-05;7.00E-05;7.93E-05;7.84E-05;6.84E-05;0.123548256;0.095106811;0.124969232;0.124969232;178.01
18;28/01/2014;3.36E-05;3.02E-05;3.21E-05;2.19E-05;3.06E-05;3.14E-05;3.13E-05;2.05E-05;0.063248819;0.051896157;0.052923121;0.052923121;179.07
19;29/01/2014;0.000101928;7.23E-05;0.000103845;8.05E-05;9.78E-05;7.90E-05;7.78E-05;7.12E-05;0.224405531;0.117968698;0.218537332;0.218537332;177.32
20;30/01/2014;2.91E-05;2.20E-05;2.78E-05;2.08E-05;2.51E-05;2.05E-05;2.62E-05;2.19E-05;0.065741762;0.034974951;0.051355394;0.051355394;179.32
21;31/01/2014;5.39E-05;5.84E-05;4.90E-05;5.11E-05;4.71E-05;4.80E-05;6.33E-05;5.62E-05;0.110549101;0.102554603;0.088917419;0.088917419;178.1
22;03/02/2014;8.79E-05;9.75E-05;7.55E-05;9.98E-05;7.36E-05;0.000108813;9.03E-05;8.85E-05;0.256425489;0.164247818;0.124634282;0.124634282;174.17
23;04/02/2014;5.66E-05;5.18E-05;5.72E-05;5.42E-05;5.76E-05;5.13E-05;5.69E-05;5.75E-05;0.101677314;0.090043158;0.09760509;0.09760509;175.39
24;05/02/2014;8.27E-05;8.62E-05;7.99E-05;9.32E-05;7.19E-05;8.70E-05;8.77E-05;6.10E-05;0.210579944;0.183346773;0.160565761;0.160565761;175.14
25;06/02/2014;2.56E-05;2.68E-05;2.47E-05;2.28E-05;2.60E-05;2.05E-05;2.42E-05;2.98E-05;0.050812459;0.071319327;0.04924589;0.04924589;177.42
26;07/02/2014;3.41E-05;2.88E-05;2.75E-05;2.77E-05;2.77E-05;2.49E-05;3.18E-05;2.74E-05;0.079566015;0.057451553;0.055246936;0.055246936;179.69
27;10/02/2014;2.09E-05;1.16E-05;1.92E-05;1.16E-05;1.97E-05;1.17E-05;1.79E-05;7.33E-06;0.057863674;0.019190775;0.048072986;0.048072986;180
28;11/02/2014;2.08E-05;1.86E-05;2.08E-05;1.73E-05;2.05E-05;1.59E-05;1.82E-05;2.44E-05;0.046153458;0.036708193;0.040935849;0.040935849;181.95
29;12/02/2014;2.29E-05;2.40E-05;2.01E-05;2.57E-05;1.94E-05;2.33E-05;2.43E-05;1.72E-05;0.044008034;0.039081455;0.036280362;0.036280362;182.08
30;13/02/2014;2.26E-05;2.06E-05;2.15E-05;1.42E-05;2.02E-05;1.33E-05;2.13E-05;2.02E-05;0.052558676;0.049221985;0.041292193;0.041292193;183.05
31;14/02/2014;1.84E-05;1.67E-05;1.67E-05;1.98E-05;1.65E-05;1.85E-05;1.86E-05;1.30E-05;0.050011191;0.036771874;0.038938673;0.038938673;184.01
32;18/02/2014;1.60E-05;1.55E-05;1.54E-05;1.47E-05;1.44E-05;1.50E-05;1.61E-05;1.08E-05;0.033714387;0.032770066;0.029853348;0.029853348;184.2401
33;19/02/2014;4.23E-05;3.65E-05;4.01E-05;2.84E-05;4.32E-05;2.77E-05;4.01E-05;3.72E-05;0.097606703;0.078155924;0.121414116;0.121414116;183.02
34;20/02/2014;3.47E-05;3.17E-05;3.35E-05;2.56E-05;3.34E-05;2.58E-05;2.80E-05;1.92E-05;0.088505942;0.082299175;0.086292293;0.086292293;184.16
35;21/02/2014;2.34E-05;1.95E-05;2.26E-05;1.88E-05;2.39E-05;1.82E-05;1.65E-05;2.09E-05;0.049433083;0.032703554;0.049179534;0.049179534;183.91
36;24/02/2014;2.17E-05;2.62E-05;1.77E-05;1.84E-05;1.58E-05;2.02E-05;2.31E-05;3.37E-05;0.065664098;0.060759452;0.037044491;0.037044491;184.98
37;25/02/2014;3.56E-05;3.60E-05;3.42E-05;2.68E-05;3.26E-05;3.30E-05;3.47E-05;2.97E-05;0.071043142;0.06540333;0.057410782;0.057410782;184.8
38;26/02/2014;3.37E-05;3.01E-05;3.19E-05;2.29E-05;3.03E-05;2.29E-05;3.55E-05;2.91E-05;0.070247632;0.052581071;0.052877771;0.052877771;184.83
39;27/02/2014;2.92E-05;3.27E-05;2.85E-05;2.66E-05;2.93E-05;2.83E-05;3.17E-05;2.51E-05;0.059992597;0.065064272;0.063516274;0.063516274;185.84
40;28/02/2014;4.10E-05;4.31E-05;4.00E-05;4.14E-05;3.67E-05;4.24E-05;4.22E-05;4.16E-05;0.104646701;0.094434396;0.091705314;0.091705314;186.33
41;03/03/2014;7.28E-05;4.92E-05;6.67E-05;4.67E-05;6.23E-05;4.99E-05;4.98E-05;4.30E-05;0.211993962;0.081336647;0.12804383;0.12804383;184.93
42;04/03/2014;2.47E-05;1.84E-05;2.28E-05;1.84E-05;2.30E-05;1.91E-05;1.99E-05;1.07E-05;0.054470998;0.031514458;0.046509721;0.046509721;187.69
43;05/03/2014;2.25E-05;1.72E-05;1.85E-05;1.56E-05;1.72E-05;1.49E-05;1.76E-05;8.50E-06;0.057621693;0.031514428;0.038094554;0.038094554;187.73
44;06/03/2014;1.09E-05;1.10E-05;9.85E-06;1.07E-05;9.33E-06;1.10E-05;9.48E-06;1.21E-05;0.020971966;0.019119061;0.016774046;0.016774046;188.18
45;07/03/2014;3.62E-05;3.90E-05;3.24E-05;3.26E-05;3.42E-05;2.80E-05;4.11E-05;2.73E-05;0.075948456;0.082426863;0.069411738;0.069411738;188.21
46;10/03/2014;2.63E-05;2.02E-05;2.29E-05;1.55E-05;2.30E-05;1.65E-05;2.45E-05;2.30E-05;0.061085013;0.036667434;0.051284694;0.051284694;188.18
47;11/03/2014;2.83E-05;2.63E-05;2.48E-05;2.59E-05;2.52E-05;2.70E-05;2.59E-05;3.13E-05;0.054080343;0.040860816;0.045591787;0.045591787;187.2
48;12/03/2014;3.24E-05;3.04E-05;3.21E-05;3.44E-05;3.19E-05;3.46E-05;3.53E-05;1.82E-05;0.062161478;0.048523203;0.060111875;0.060111875;187.2699
49;13/03/2014;5.01E-05;5.37E-05;5.11E-05;5.24E-05;4.90E-05;5.25E-05;4.30E-05;3.31E-05;0.10380058;0.082044637;0.084715988;0.084715988;185.19
50;14/03/2014;5.29E-05;4.91E-05;4.90E-05;4.96E-05;4.67E-05;4.84E-05;5.98E-05;5.68E-05;0.108463919;0.091727123;0.086362717;0.086362717;184.61
51;17/03/2014;2.62E-05;3.01E-05;2.36E-05;2.48E-05;2.19E-05;1.96E-05;3.07E-05;4.04E-05;0.056400878;0.07049672;0.04433637;0.04433637;186.34
52;18/03/2014;2.11E-05;2.55E-05;2.02E-05;2.42E-05;2.03E-05;2.11E-05;1.93E-05;1.99E-05;0.045199031;0.058263204;0.041686147;0.041686147;187.69
53;19/03/2014;4.88E-05;5.17E-05;5.22E-05;3.14E-05;5.03E-05;2.52E-05;6.59E-05;6.93E-05;0.140771518;0.24288306;0.147090685;0.147090685;186.69
54;20/03/2014;2.99E-05;2.96E-05;2.54E-05;2.22E-05;2.52E-05;1.59E-05;2.49E-05;3.18E-05;0.084393707;0.081868406;0.052273474;0.052273474;187.76
55;21/03/2014;3.87E-05;4.21E-05;3.79E-05;4.05E-05;3.92E-05;4.35E-05;3.26E-05;1.85E-05;0.067037142;0.077429823;0.071215058;0.071215058;186.21
56;24/03/2014;5.23E-05;4.58E-05;4.91E-05;4.59E-05;5.09E-05;4.48E-05;4.24E-05;5.56E-05;0.089483011;0.074795638;0.087674927;0.087674927;185.41
57;25/03/2014;4.03E-05;3.07E-05;3.97E-05;2.73E-05;3.63E-05;2.78E-05;3.92E-05;2.76E-05;0.080060764;0.050640674;0.065259755;0.065259755;186.34
58;26/03/2014;5.08E-05;3.46E-05;5.09E-05;3.14E-05;5.38E-05;2.85E-05;3.73E-05;4.05E-05;0.086606622;0.060338713;0.09680186;0.09680186;184.9501
59;27/03/2014;5.96E-05;6.33E-05;5.84E-05;6.44E-05;5.91E-05;5.42E-05;6.17E-05;4.89E-05;0.098543706;0.115195488;0.111275058;0.111275058;184.62
60;28/03/2014;3.20E-05;3.45E-05;2.76E-05;2.16E-05;2.91E-05;2.22E-05;3.21E-05;3.64E-05;0.073447306;0.124631117;0.057178353;0.057178353;185.48
61;31/03/2014;2.32E-05;1.75E-05;2.24E-05;1.76E-05;2.32E-05;1.82E-05;1.60E-05;1.52E-05;0.04344695;0.028933417;0.051769565;0.051769565;187
62;01/04/2014;1.48E-05;1.35E-05;1.32E-05;1.13E-05;1.31E-05;1.07E-05;1.21E-05;1.08E-05;0.027847987;0.025947003;0.023100227;0.023100227;188.25
63;02/04/2014;1.89E-05;1.79E-05;1.88E-05;1.40E-05;1.84E-05;1.40E-05;1.09E-05;1.64E-05;0.042714214;0.036574715;0.040655239;0.040655239;188.88
64;03/04/2014;1.98E-05;1.64E-05;1.97E-05;1.42E-05;1.96E-05;1.23E-05;1.59E-05;1.42E-05;0.039703235;0.027960124;0.03183022;0.03183022;188.63
65;04/04/2014;6.64E-05;5.60E-05;6.41E-05;5.50E-05;5.92E-05;5.90E-05;4.74E-05;6.90E-05;0.109226343;0.091327832;0.094239814;0.094239814;186.39
66;07/04/2014;4.91E-05;5.62E-05;4.90E-05;5.43E-05;4.91E-05;5.11E-05;4.17E-05;5.64E-05;0.08072235;0.090029677;0.081550123;0.081550123;184.31
67;08/04/2014;4.72E-05;4.32E-05;4.73E-05;4.13E-05;4.61E-05;4.19E-05;4.93E-05;5.27E-05;0.083890924;0.077895488;0.089188383;0.089188383;185.11
68;09/04/2014;3.46E-05;2.60E-05;3.18E-05;2.47E-05;3.02E-05;2.41E-05;2.13E-05;2.78E-05;0.083993639;0.062975543;0.059621724;0.059621724;187.12
69;10/04/2014;6.22E-05;7.22E-05;5.66E-05;7.28E-05;5.57E-05;7.12E-05;5.86E-05;8.96E-05;0.115571591;0.112183953;0.091490884;0.091490884;183.15
70;11/04/2014;7.37E-05;7.38E-05;7.42E-05;7.64E-05;7.71E-05;7.25E-05;6.75E-05;7.47E-05;0.121167061;0.114424651;0.123619139;0.123619139;181.48
71;14/04/2014;4.67E-05;4.19E-05;5.04E-05;4.07E-05;5.16E-05;4.28E-05;3.53E-05;6.26E-05;0.080703688;0.069029791;0.099850749;0.099850749;182.95
72;15/04/2014;9.89E-05;8.42E-05;0.000101754;8.19E-05;0.000104889;7.36E-05;0.000106631;0.000101712;0.151661572;0.132482498;0.158471206;0.158471206;184.23
73;16/04/2014;4.17E-05;3.43E-05;4.29E-05;3.51E-05;4.53E-05;3.27E-05;3.29E-05;2.05E-05;0.071075377;0.05648633;0.083439173;0.083439173;186.13
74;17/04/2014;2.72E-05;2.31E-05;2.37E-05;2.50E-05;2.37E-05;2.51E-05;1.91E-05;1.68E-05;0.054868265;0.039606364;0.046722191;0.046722191;186.37
75;21/04/2014;2.05E-05;1.34E-05;1.94E-05;1.18E-05;1.93E-05;1.21E-05;1.27E-05;1.51E-05;0.04691437;0.025625811;0.045568959;0.045568959;187.05
76;22/04/2014;1.21E-05;1.10E-05;1.08E-05;1.10E-05;1.10E-05;1.17E-05;9.97E-06;1.25E-05;0.02467115;0.019013237;0.021445407;0.021445407;187.86
77;23/04/2014;1.70E-05;1.45E-05;1.42E-05;1.16E-05;1.40E-05;1.21E-05;1.55E-05;1.12E-05;0.037319196;0.030350658;0.027328206;0.027328206;187.465
78;24/04/2014;3.53E-05;3.47E-05;3.17E-05;4.37E-05;3.29E-05;4.48E-05;2.57E-05;4.21E-05;0.08014932;0.065438067;0.068238105;0.068238105;187.82
79;25/04/2014;3.17E-05;2.71E-05;2.96E-05;2.68E-05;2.69E-05;2.52E-05;2.60E-05;1.27E-05;0.06615114;0.042562011;0.043525038;0.043525038;186.31
80;28/04/2014;5.21E-05;6.35E-05;5.40E-05;6.70E-05;5.23E-05;6.15E-05;5.43E-05;8.01E-05;0.08031829;0.095659297;0.082852637;0.082852637;186.9
81;29/04/2014;2.63E-05;1.71E-05;2.56E-05;1.77E-05;2.56E-05;1.75E-05;2.38E-05;1.65E-05;0.051598588;0.031884611;0.050730282;0.050730282;187.73
82;30/04/2014;3.38E-05;2.65E-05;3.11E-05;3.08E-05;2.92E-05;2.92E-05;3.26E-05;2.10E-05;0.092275864;0.046483647;0.060710626;0.060710626;188.39
83;01/05/2014;2.66E-05;2.05E-05;2.47E-05;2.13E-05;2.74E-05;1.94E-05;2.65E-05;2.41E-05;0.049039963;0.033603757;0.059930516;0.059930516;188.32
84;02/05/2014;3.50E-05;3.35E-05;3.42E-05;3.19E-05;3.46E-05;3.12E-05;3.23E-05;3.47E-05;0.078376132;0.073102052;0.072984989;0.072984989;188.07
85;05/05/2014;2.20E-05;2.22E-05;2.10E-05;2.08E-05;2.17E-05;1.83E-05;1.80E-05;2.02E-05;0.046509194;0.050226592;0.051392453;0.051392453;188.44
86;06/05/2014;2.37E-05;2.35E-05;2.24E-05;2.35E-05;2.14E-05;2.76E-05;2.21E-05;1.94E-05;0.043143727;0.033694474;0.035953673;0.035953673;186.825
87;07/05/2014;4.65E-05;7.14E-05;4.25E-05;7.49E-05;4.33E-05;7.18E-05;5.82E-05;5.73E-05;0.08887646;0.152454301;0.08890354;0.08890354;187.9
88;08/05/2014;3.78E-05;3.00E-05;3.59E-05;2.82E-05;3.78E-05;2.86E-05;3.39E-05;4.25E-05;0.065493585;0.055779602;0.061341459;0.061341459;187.69
89;09/05/2014;3.82E-05;3.62E-05;3.89E-05;3.52E-05;3.81E-05;3.60E-05;2.87E-05;4.40E-05;0.076026134;0.073400394;0.07669578;0.07669578;188.02
90;12/05/2014;1.24E-05;9.32E-06;1.29E-05;8.50E-06;1.32E-05;8.32E-06;9.06E-06;9.72E-06;0.026640704;0.021856557;0.03197894;0.03197894;189.79
91;13/05/2014;1.65E-05;1.14E-05;1.79E-05;1.04E-05;1.76E-05;1.23E-05;1.30E-05;7.20E-06;0.029986914;0.019277875;0.034326123;0.034326123;189.95
92;14/05/2014;1.78E-05;1.60E-05;1.75E-05;1.39E-05;1.77E-05;1.35E-05;1.56E-05;1.35E-05;0.040057825;0.031825194;0.043152112;0.043152112;189.05
93;15/05/2014;4.36E-05;4.35E-05;4.28E-05;5.25E-05;4.19E-05;4.93E-05;4.24E-05;5.02E-05;0.07531248;0.069732621;0.071180863;0.071180863;187.39
94;16/05/2014;3.22E-05;2.49E-05;3.21E-05;2.12E-05;3.24E-05;2.09E-05;2.32E-05;2.55E-05;0.072674645;0.047603415;0.075826571;0.075826571;188.08
95;19/05/2014;1.62E-05;1.46E-05;1.51E-05;1.14E-05;1.50E-05;1.18E-05;1.55E-05;1.52E-05;0.034285276;0.029029105;0.031996833;0.031996833;188.74
96;20/05/2014;2.67E-05;2.85E-05;2.42E-05;2.29E-05;2.40E-05;2.43E-05;2.36E-05;2.59E-05;0.04737062;0.045543595;0.036976772;0.036976772;187.53
97;21/05/2014;2.04E-05;1.40E-05;1.89E-05;1.56E-05;1.79E-05;1.87E-05;1.67E-05;1.18E-05;0.050811621;0.023773817;0.03905468;0.03905468;189.12
98;22/05/2014;1.48E-05;9.35E-06;1.39E-05;7.80E-06;1.52E-05;7.45E-06;1.02E-05;1.12E-05;0.033514524;0.018451403;0.038569193;0.038569193;189.595
99;23/05/2014;6.97E-06;4.43E-06;6.63E-06;5.12E-06;7.22E-06;5.48E-06;3.16E-06;1.80E-06;0.013831428;0.007230639;0.014604953;0.014604953;190.37
100;27/05/2014;7.45E-06;7.61E-06;6.67E-06;8.06E-06;6.55E-06;8.17E-06;7.08E-06;6.53E-06;0.015422596;0.012989316;0.011364679;0.011364679;191.54
101;28/05/2014;1.26E-05;9.72E-06;1.24E-05;1.02E-05;1.17E-05;1.04E-05;1.12E-05;1.01E-05;0.024215949;0.014693136;0.021924848;0.021924848;191.35
102;29/05/2014;9.69E-06;6.88E-06;8.23E-06;5.97E-06;8.33E-06;6.24E-06;8.47E-06;8.67E-06;0.027028868;0.014407538;0.017359727;0.017359727;192.38
103;30/05/2014;9.27E-06;8.01E-06;8.24E-06;7.57E-06;8.36E-06;7.15E-06;9.62E-06;8.56E-06;0.018918839;0.014270928;0.014455396;0.014455396;192.65
104;02/06/2014;1.25E-05;1.71E-05;1.17E-05;1.89E-05;1.28E-05;1.93E-05;1.18E-05;1.73E-05;0.026218456;0.034995134;0.02865056;0.02865056;192.9
105;03/06/2014;9.07E-06;7.54E-06;9.09E-06;5.52E-06;9.53E-06;6.63E-06;1.01E-05;6.25E-06;0.020685394;0.013773743;0.022229832;0.022229832;192.81
106;04/06/2014;8.32E-06;8.95E-06;8.00E-06;7.11E-06;8.03E-06;6.85E-06;7.46E-06;5.99E-06;0.019298365;0.023882101;0.020409894;0.020409894;193.17
107;05/06/2014;1.78E-05;1.63E-05;1.67E-05;1.62E-05;1.56E-05;1.59E-05;1.57E-05;1.60E-05;0.041309027;0.026816742;0.035052079;0.035052079;194.45
108;06/06/2014;7.15E-06;7.00E-06;6.91E-06;5.77E-06;7.39E-06;5.20E-06;5.37E-06;5.56E-06;0.015366974;0.014207423;0.017545982;0.017545982;195.38
109;09/06/2014;9.24E-06;8.14E-06;8.21E-06;6.56E-06;7.68E-06;6.33E-06;8.61E-06;9.47E-06;0.019849854;0.016967198;0.015870785;0.015870785;195.58
110;10/06/2014;9.35E-06;9.93E-06;8.12E-06;1.05E-05;8.53E-06;1.10E-05;7.84E-06;1.08E-05;0.021720803;0.019858938;0.021103423;0.021103423;195.6
111;11/06/2014;1.37E-05;8.72E-06;1.37E-05;7.55E-06;1.23E-05;7.44E-06;1.07E-05;1.08E-05;0.027538513;0.015036225;0.022495824;0.022495824;194.94
112;12/06/2014;1.76E-05;1.88E-05;1.74E-05;1.70E-05;1.73E-05;1.84E-05;1.67E-05;1.37E-05;0.029445843;0.032591483;0.028170109;0.028170109;193.53
113;13/06/2014;1.57E-05;2.12E-05;1.52E-05;1.82E-05;1.51E-05;1.71E-05;1.75E-05;2.56E-05;0.029005847;0.042630767;0.029574301;0.029574301;194.14
114;16/06/2014;1.49E-05;1.87E-05;1.25E-05;1.27E-05;1.28E-05;1.23E-05;1.49E-05;1.82E-05;0.030047769;0.045904584;0.030359615;0.030359615;194.3
115;17/06/2014;1.55E-05;1.52E-05;1.47E-05;1.30E-05;1.41E-05;1.12E-05;1.23E-05;1.20E-05;0.035354771;0.030171116;0.031508129;0.031508129;194.82
116;18/06/2014;1.99E-05;1.65E-05;2.04E-05;1.48E-05;1.90E-05;1.63E-05;2.37E-05;1.66E-05;0.056644659;0.031324966;0.050532792;0.050532792;196.24
117;19/06/2014;1.05E-05;9.70E-06;1.02E-05;8.95E-06;1.00E-05;1.00E-05;1.03E-05;7.19E-06;0.019234128;0.016825172;0.019278604;0.019278604;196.49
118;20/06/2014;6.74E-06;4.70E-06;6.07E-06;5.19E-06;5.77E-06;5.00E-06;4.81E-06;4.72E-06;0.01567548;0.007285715;0.012523139;0.012523139;195.95
119;23/06/2014;1.00E-05;7.01E-06;8.87E-06;5.68E-06;9.60E-06;7.23E-06;9.82E-06;6.20E-06;0.021098195;0.01364355;0.022014087;0.022014087;195.89
120;24/06/2014;1.72E-05;1.78E-05;1.53E-05;1.92E-05;1.58E-05;1.77E-05;1.79E-05;2.60E-05;0.037137985;0.031729794;0.030813442;0.030813442;194.7
121;25/06/2014;1.94E-05;1.93E-05;1.82E-05;1.59E-05;1.66E-05;1.74E-05;1.68E-05;1.44E-05;0.038353981;0.0405635;0.032219641;0.032219641;195.56
122;26/06/2014;2.52E-05;2.49E-05;2.39E-05;1.93E-05;2.63E-05;2.31E-05;2.27E-05;3.29E-05;0.058469074;0.063869625;0.0665701;0.0665701;195.44
123;27/06/2014;1.24E-05;1.34E-05;1.10E-05;1.00E-05;1.02E-05;1.11E-05;1.00E-05;1.24E-05;0.025642233;0.027019069;0.021165705;0.021165705;195.8
124;30/06/2014;1.10E-05;6.49E-06;1.11E-05;6.06E-06;1.02E-05;5.50E-06;8.76E-06;7.71E-06;0.023037536;0.011962764;0.02114892;0.02114892;195.71
125;01/07/2014;1.30E-05;9.88E-06;1.15E-05;8.41E-06;1.11E-05;9.30E-06;1.18E-05;8.84E-06;0.031261416;0.016895203;0.023159533;0.023159533;197.06
126;02/07/2014;9.03E-06;7.65E-06;8.19E-06;6.52E-06;7.88E-06;6.67E-06;6.37E-06;4.45E-06;0.017823792;0.014033393;0.015497605;0.015497605;197.24
127;07/07/2014;1.12E-05;9.15E-06;9.41E-06;8.66E-06;9.40E-06;8.02E-06;9.31E-06;8.92E-06;0.027846034;0.016485372;0.019295546;0.019295546;197.54
128;08/07/2014;1.92E-05;2.62E-05;1.71E-05;2.50E-05;1.75E-05;2.55E-05;2.10E-05;1.57E-05;0.03640187;0.045120056;0.030906015;0.030906015;196.27
129;09/07/2014;1.98E-05;1.52E-05;1.88E-05;1.27E-05;1.84E-05;1.36E-05;1.64E-05;1.91E-05;0.041590765;0.034427553;0.037436557;0.037436557;197.13
130;10/07/2014;2.27E-05;2.28E-05;2.03E-05;1.82E-05;2.02E-05;1.89E-05;2.01E-05;1.91E-05;0.04834212;0.038958673;0.034924958;0.034924958;196.3325
131;11/07/2014;1.32E-05;1.31E-05;1.28E-05;1.29E-05;1.22E-05;1.16E-05;1.32E-05;1.33E-05;0.028132475;0.030574637;0.025211326;0.025211326;196.59
132;14/07/2014;7.24E-06;4.41E-06;7.04E-06;4.33E-06;6.62E-06;5.05E-06;4.77E-06;6.77E-07;0.016668162;0.006554186;0.016887515;0.016887515;197.59
133;15/07/2014;2.69E-05;2.90E-05;2.56E-05;2.77E-05;2.67E-05;2.74E-05;2.80E-05;3.04E-05;0.048418224;0.053264951;0.048554571;0.048554571;197.23
134;16/07/2014;1.08E-05;8.94E-06;1.00E-05;7.80E-06;9.99E-06;7.08E-06;9.24E-06;8.46E-06;0.024464019;0.018041094;0.021594587;0.021594587;197.97
135;17/07/2014;3.68E-05;3.80E-05;3.57E-05;3.45E-05;3.47E-05;3.66E-05;3.17E-05;3.65E-05;0.067801033;0.066110821;0.06056513;0.06056513;195.72
136;18/07/2014;1.37E-05;1.28E-05;1.26E-05;1.00E-05;1.22E-05;1.11E-05;1.20E-05;1.34E-05;0.028753666;0.022998517;0.023643536;0.023643536;197.72
137;21/07/2014;1.45E-05;1.11E-05;1.45E-05;1.14E-05;1.47E-05;1.17E-05;1.37E-05;1.47E-05;0.026735582;0.01804088;0.029227031;0.029227031;197.32
138;22/07/2014;1.01E-05;6.86E-06;9.53E-06;6.80E-06;8.75E-06;6.72E-06;7.24E-06;5.80E-06;0.023091369;0.013401258;0.01665302;0.01665302;198.19
139;23/07/2014;1.03E-05;7.59E-06;1.02E-05;7.08E-06;9.95E-06;7.99E-06;9.08E-06;6.72E-06;0.021759968;0.014452371;0.019149686;0.019149686;198.65
140;24/07/2014;1.18E-05;7.56E-06;1.15E-05;7.18E-06;1.13E-05;7.15E-06;7.55E-06;8.24E-06;0.029144861;0.012429058;0.025693125;0.025693125;198.65
141;25/07/2014;1.32E-05;1.48E-05;1.17E-05;1.48E-05;1.14E-05;1.30E-05;1.41E-05;1.13E-05;0.027404845;0.02698573;0.020086471;0.020086471;197.71
142;28/07/2014;2.03E-05;1.95E-05;1.84E-05;1.85E-05;1.72E-05;2.05E-05;1.98E-05;2.30E-05;0.044952713;0.039880751;0.034390021;0.034390021;197.79
143;29/07/2014;2.25E-05;2.41E-05;2.34E-05;2.35E-05;2.38E-05;2.18E-05;2.23E-05;2.41E-05;0.039729107;0.043113935;0.045906073;0.045906073;196.95
144;30/07/2014;4.40E-05;3.49E-05;3.98E-05;3.51E-05;3.56E-05;3.14E-05;3.79E-05;3.81E-05;0.130305488;0.057454285;0.068307241;0.068307241;196.99
145;31/07/2014;4.94E-05;4.95E-05;4.90E-05;5.64E-05;4.87E-05;5.96E-05;4.89E-05;4.64E-05;0.080957989;0.073448132;0.080939242;0.080939242;193.05
146;01/08/2014;5.97E-05;6.99E-05;6.01E-05;7.15E-05;5.60E-05;6.92E-05;6.55E-05;5.79E-05;0.112403625;0.114918202;0.093720572;0.093720572;192.49
147;04/08/2014;2.74E-05;2.61E-05;2.60E-05;2.04E-05;2.40E-05;2.34E-05;2.73E-05;2.90E-05;0.053017574;0.05089307;0.039165659;0.039165659;193.88
148;05/08/2014;7.48E-05;7.59E-05;7.62E-05;6.60E-05;6.83E-05;6.10E-05;6.92E-05;7.17E-05;0.2090992;0.193160935;0.12989892;0.12989892;191.98
149;06/08/2014;3.50E-05;4.21E-05;3.34E-05;3.86E-05;3.53E-05;3.94E-05;3.62E-05;4.11E-05;0.062423183;0.070249974;0.069553818;0.069553818;192.05
150;07/08/2014;4.99E-05;4.64E-05;4.71E-05;4.81E-05;4.56E-05;5.11E-05;5.17E-05;3.75E-05;0.083902474;0.065889447;0.07172163;0.07172163;191.01
151;08/08/2014;3.25E-05;2.55E-05;3.24E-05;2.58E-05;3.41E-05;2.52E-05;3.10E-05;3.09E-05;0.059905893;0.053565245;0.061972061;0.061972061;193.24
152;11/08/2014;1.69E-05;1.39E-05;1.47E-05;1.08E-05;1.23E-05;1.02E-05;1.38E-05;1.28E-05;0.036064092;0.026483406;0.021669699;0.021669699;193.79
153;12/08/2014;2.70E-05;2.43E-05;2.82E-05;1.98E-05;2.79E-05;2.00E-05;2.41E-05;2.26E-05;0.05704482;0.044213768;0.049898502;0.049898502;193.54
154;13/08/2014;1.43E-05;1.10E-05;1.35E-05;1.04E-05;1.38E-05;1.01E-05;1.15E-05;1.39E-05;0.027451667;0.021078208;0.025754352;0.025754352;194.91
155;14/08/2014;1.01E-05;5.36E-06;1.00E-05;5.65E-06;1.04E-05;5.32E-06;4.94E-06;5.92E-06;0.02254704;0.009477704;0.024224047;0.024224047;195.74
156;15/08/2014;5.12E-05;5.45E-05;4.52E-05;4.43E-05;4.71E-05;4.45E-05;4.72E-05;6.17E-05;0.163732652;0.128522044;0.117062622;0.117062622;195.73
157;18/08/2014;6.35E-06;6.26E-06;6.08E-06;4.44E-06;6.61E-06;3.96E-06;5.37E-06;5.85E-06;0.01201253;0.020754508;0.013037071;0.013037071;197.35
158;19/08/2014;5.45E-06;3.97E-06;4.66E-06;4.18E-06;4.78E-06;4.04E-06;4.21E-06;2.96E-06;0.011391235;0.00806354;0.009946905;0.009946905;198.39
159;20/08/2014;1.47E-05;1.04E-05;1.43E-05;7.95E-06;1.42E-05;9.49E-06;8.46E-06;1.08E-05;0.040169392;0.02516511;0.040942916;0.040942916;198.91
160;21/08/2014;7.01E-06;7.35E-06;6.57E-06;6.18E-06;5.97E-06;7.42E-06;6.58E-06;8.80E-06;0.016888609;0.017028668;0.011853214;0.011853214;199.49
161;22/08/2014;2.07E-05;1.80E-05;1.70E-05;1.32E-05;1.61E-05;1.10E-05;1.90E-05;1.56E-05;0.061139055;0.041491591;0.03136445;0.03136445;199.16
162;25/08/2014;7.85E-06;5.43E-06;6.73E-06;4.81E-06;6.82E-06;5.03E-06;6.92E-06;4.97E-06;0.017323101;0.008494976;0.012620514;0.012620514;200.17
163;26/08/2014;6.41E-06;5.82E-06;5.30E-06;4.55E-06;4.94E-06;3.62E-06;6.28E-06;4.30E-06;0.016083209;0.011343343;0.01088109;0.01088109;200.34
164;27/08/2014;7.37E-06;5.87E-06;7.23E-06;5.12E-06;7.00E-06;4.86E-06;7.17E-06;2.27E-06;0.016470637;0.012399439;0.016301466;0.016301466;200.27
165;28/08/2014;9.83E-06;8.14E-06;8.45E-06;8.40E-06;7.57E-06;7.91E-06;8.93E-06;8.60E-06;0.021967814;0.014326832;0.016839696;0.016839696;200.14
166;29/08/2014;1.01E-05;6.87E-06;8.48E-06;5.92E-06;8.52E-06;5.35E-06;8.78E-06;7.33E-06;0.023261396;0.015078165;0.018601836;0.018601836;200.7
167;02/09/2014;1.24E-05;1.32E-05;1.12E-05;1.11E-05;9.75E-06;1.08E-05;1.32E-05;1.48E-05;0.027124359;0.027203173;0.016607987;0.016607987;200.59
168;03/09/2014;1.03E-05;1.00E-05;8.62E-06;8.20E-06;9.10E-06;9.07E-06;1.07E-05;8.90E-06;0.018479114;0.018365956;0.017603958;0.017603958;200.51
169;04/09/2014;1.96E-05;1.80E-05;1.86E-05;1.60E-05;1.78E-05;1.63E-05;1.59E-05;1.79E-05;0.04144533;0.031683067;0.041369395;0.041369395;200.215
170;05/09/2014;2.21E-05;2.29E-05;2.27E-05;2.23E-05;2.14E-05;2.16E-05;2.62E-05;1.75E-05;0.046303362;0.040868397;0.04695571;0.04695571;201.13
171;08/09/2014;1.44E-05;1.61E-05;1.43E-05;1.48E-05;1.33E-05;1.40E-05;1.39E-05;7.71E-06;0.032769256;0.033595353;0.022198074;0.022198074;200.6
172;09/09/2014;2.68E-05;2.82E-05;2.61E-05;2.55E-05;2.61E-05;2.34E-05;2.90E-05;2.60E-05;0.050658786;0.053566547;0.050051093;0.050051093;199.33
173;10/09/2014;2.51E-05;3.12E-05;2.28E-05;2.60E-05;2.12E-05;2.39E-05;2.48E-05;1.83E-05;0.053079553;0.057739124;0.039802898;0.039802898;200.08
174;11/09/2014;2.03E-05;1.84E-05;1.89E-05;1.74E-05;1.90E-05;1.58E-05;1.77E-05;2.14E-05;0.040381518;0.029260159;0.035604707;0.035604707;200.28
175;12/09/2014;2.30E-05;2.54E-05;2.03E-05;2.51E-05;1.99E-05;2.50E-05;2.34E-05;1.83E-05;0.043460029;0.036976245;0.036320516;0.036320516;199.1299
176;15/09/2014;2.42E-05;1.78E-05;2.23E-05;1.41E-05;2.23E-05;1.21E-05;1.75E-05;1.95E-05;0.046358893;0.03733014;0.038899012;0.038899012;198.99
177;16/09/2014;1.92E-05;2.11E-05;1.73E-05;1.85E-05;1.66E-05;1.89E-05;1.97E-05;2.34E-05;0.037518752;0.039355077;0.031005422;0.031005422;200.49
178;17/09/2014;3.62E-05;5.26E-05;3.14E-05;5.52E-05;3.19E-05;6.22E-05;4.26E-05;3.87E-05;0.12170348;0.165607293;0.118251018;0.118251018;200.7275
179;18/09/2014;1.10E-05;1.22E-05;1.07E-05;1.20E-05;1.10E-05;1.35E-05;1.13E-05;6.41E-06;0.022481453;0.023687964;0.020453942;0.020453942;201.77
180;19/09/2014;1.67E-05;1.38E-05;1.57E-05;1.08E-05;1.73E-05;1.28E-05;1.38E-05;1.16E-05;0.028030985;0.025317173;0.030619645;0.030619645;200.73
181;22/09/2014;2.23E-05;1.83E-05;2.16E-05;1.75E-05;2.25E-05;2.00E-05;2.02E-05;2.16E-05;0.038075727;0.029708058;0.040351892;0.040351892;199.14
182;23/09/2014;2.32E-05;2.34E-05;2.19E-05;2.39E-05;2.16E-05;2.17E-05;2.41E-05;2.45E-05;0.044074289;0.0353042;0.034215015;0.034215015;198
183;24/09/2014;2.10E-05;1.74E-05;1.99E-05;1.67E-05;1.84E-05;1.68E-05;2.02E-05;1.81E-05;0.044453068;0.037902454;0.040016343;0.040016343;199.57
184;25/09/2014;5.16E-05;4.45E-05;5.17E-05;4.51E-05;5.14E-05;4.39E-05;4.66E-05;4.56E-05;0.0880594;0.068334353;0.090030006;0.090030006;196.32
185;26/09/2014;3.29E-05;3.62E-05;3.32E-05;2.95E-05;3.58E-05;2.61E-05;3.48E-05;2.57E-05;0.069836138;0.085170583;0.082533305;0.082533305;197.9499
186;29/09/2014;3.47E-05;4.06E-05;3.35E-05;3.16E-05;3.03E-05;3.39E-05;4.21E-05;3.35E-05;0.063348564;0.070318564;0.053932669;0.053932669;197.53
187;30/09/2014;4.82E-05;4.23E-05;4.36E-05;3.89E-05;4.53E-05;3.48E-05;4.44E-05;4.72E-05;0.099428377;0.073743028;0.07684089;0.07684089;197
188;01/10/2014;5.10E-05;5.98E-05;4.77E-05;5.28E-05;4.80E-05;4.81E-05;5.90E-05;6.35E-05;0.099245085;0.127632481;0.084710281;0.084710281;194.34
189;02/10/2014;5.92E-05;6.71E-05;5.74E-05;6.60E-05;5.80E-05;6.89E-05;6.00E-05;5.57E-05;0.093360323;0.101182637;0.086935898;0.086935898;194.39
190;03/10/2014;3.14E-05;4.55E-05;2.94E-05;4.33E-05;2.89E-05;3.85E-05;3.02E-05;3.26E-05;0.072369817;0.125690251;0.065719876;0.065719876;196.53
191;06/10/2014;4.45E-05;3.46E-05;4.42E-05;3.68E-05;4.38E-05;3.38E-05;4.57E-05;4.73E-05;0.071769782;0.056969746;0.072778156;0.072778156;196.26
192;07/10/2014;5.46E-05;4.81E-05;5.39E-05;4.03E-05;5.48E-05;3.70E-05;4.65E-05;4.94E-05;0.094445289;0.078561642;0.093734683;0.093734683;193.27
193;08/10/2014;7.89E-05;8.18E-05;8.27E-05;7.91E-05;8.54E-05;7.88E-05;8.26E-05;0.000108673;0.139563599;0.125283518;0.151443702;0.151443702;196.64
194;09/10/2014;0.00014211;0.000111098;0.000133003;0.000118002;0.000135545;0.000120406;0.00011176;9.31E-05;0.243298389;0.157978378;0.212871661;0.212871661;192.68
195;10/10/2014;0.000144964;0.000132614;0.000148368;0.000123638;0.000149314;0.000116587;0.000107489;0.000116772;0.252214564;0.247855096;0.272776284;0.272776284;190.51
196;13/10/2014;0.000137305;0.00015286;0.000135098;0.000158129;0.000135853;0.000181458;0.000132609;0.000133611;0.293992152;0.223336846;0.259186022;0.259186022;187.38
197;14/10/2014;0.000137155;0.000134959;0.000140723;0.000129281;0.000142156;0.000133645;0.000138186;0.000114315;0.223960557;0.221642224;0.243204676;0.243204676;187.75
198;15/10/2014;0.000311373;0.000302327;0.000325746;0.000283119;0.000330375;0.000286739;0.00032955;0.000309279;0.483872728;0.518723914;0.541187518;0.541187518;186.31
199;16/10/2014;0.000313813;0.000221602;0.000333398;0.000204047;0.000370278;0.000220924;0.000341645;0.000240897;0.838960715;0.41251672;1.061481406;1.061481406;186.24
200;17/10/2014;9.56E-05;8.85E-05;9.71E-05;8.07E-05;9.76E-05;8.46E-05;7.84E-05;7.12E-05;0.160461037;0.145470143;0.169597089;0.169597089;188.55
201;20/10/2014;6.42E-05;6.53E-05;6.05E-05;5.52E-05;6.31E-05;5.91E-05;4.92E-05;5.38E-05;0.129389056;0.155757206;0.125595624;0.125595624;190.32
202;21/10/2014;3.10E-05;2.43E-05;3.29E-05;2.04E-05;3.38E-05;1.86E-05;2.38E-05;2.48E-05;0.059027684;0.049082238;0.068554664;0.068554664;194.05
203;22/10/2014;5.51E-05;5.97E-05;5.26E-05;5.62E-05;5.57E-05;6.26E-05;5.72E-05;5.69E-05;0.086656278;0.090366469;0.089704106;0.089704106;192.705
204;23/10/2014;5.79E-05;4.92E-05;5.68E-05;4.77E-05;5.35E-05;3.62E-05;3.96E-05;4.22E-05;0.157940962;0.113924307;0.12532296;0.12532296;194.95
205;24/10/2014;5.07E-05;3.66E-05;4.91E-05;3.00E-05;4.43E-05;2.82E-05;4.19E-05;3.41E-05;0.181384386;0.078444484;0.092800219;0.092800219;196.38
206;27/10/2014;4.28E-05;3.55E-05;4.12E-05;3.03E-05;4.32E-05;3.25E-05;4.58E-05;4.07E-05;0.077750486;0.077905433;0.080916613;0.080916613;196.11
207;28/10/2014;2.08E-05;1.80E-05;2.09E-05;1.54E-05;1.96E-05;1.46E-05;1.83E-05;1.56E-05;0.038980739;0.033206576;0.035358004;0.035358004;198.37
208;29/10/2014;7.42E-05;5.61E-05;7.44E-05;5.22E-05;7.07E-05;4.85E-05;6.36E-05;5.30E-05;0.201802936;0.1195952;0.151018375;0.151018375;198.14
209;30/10/2014;4.83E-05;4.28E-05;4.07E-05;2.94E-05;4.02E-05;2.47E-05;4.98E-05;5.57E-05;0.160540165;0.112121801;0.076590496;0.076590496;199.45
210;31/10/2014;2.47E-05;2.16E-05;2.32E-05;1.95E-05;2.42E-05;1.60E-05;2.43E-05;2.46E-05;0.053785317;0.042398761;0.05247221;0.05247221;201.66
211;03/11/2014;2.74E-05;2.34E-05;2.43E-05;2.23E-05;2.70E-05;2.02E-05;2.24E-05;1.38E-05;0.052992164;0.043944604;0.055305532;0.055305532;201.75
212;04/11/2014;3.51E-05;2.93E-05;3.34E-05;2.36E-05;2.95E-05;2.37E-05;2.69E-05;2.78E-05;0.068960079;0.052804597;0.051980659;0.051980659;201.11
213;05/11/2014;2.84E-05;2.17E-05;2.57E-05;2.17E-05;2.55E-05;2.06E-05;2.45E-05;2.99E-05;0.065698168;0.037478906;0.047759499;0.047759499;202.37
214;06/11/2014;2.61E-05;1.78E-05;2.76E-05;1.82E-05;2.65E-05;2.03E-05;2.08E-05;1.21E-05;0.056182632;0.031013968;0.060527728;0.060527728;203.18
215;07/11/2014;2.05E-05;1.95E-05;1.90E-05;2.02E-05;1.81E-05;2.06E-05;1.84E-05;7.13E-06;0.053629876;0.036552245;0.03502232;0.03502232;203.37
216;10/11/2014;1.02E-05;8.28E-06;9.04E-06;5.97E-06;9.06E-06;7.04E-06;7.96E-06;7.90E-06;0.020971762;0.019324958;0.016528354;0.016528354;203.97
217;11/11/2014;1.08E-05;6.77E-06;9.71E-06;5.51E-06;1.05E-05;6.16E-06;6.89E-06;7.42E-06;0.024028445;0.011937629;0.020944252;0.020944252;204.17
218;12/11/2014;1.37E-05;1.13E-05;1.29E-05;1.10E-05;1.12E-05;1.04E-05;1.40E-05;1.08E-05;0.031183396;0.020969264;0.020159506;0.020159506;203.98
219;13/11/2014;2.70E-05;3.03E-05;2.46E-05;3.01E-05;2.36E-05;3.11E-05;2.63E-05;2.69E-05;0.053196125;0.047734481;0.040904948;0.040904948;204.17
220;14/11/2014;1.79E-05;1.30E-05;1.58E-05;1.14E-05;1.49E-05;1.39E-05;1.31E-05;1.48E-05;0.051172544;0.025975839;0.026060171;0.026060171;204.25
221;17/11/2014;1.89E-05;1.54E-05;1.86E-05;1.59E-05;1.84E-05;1.59E-05;1.69E-05;1.18E-05;0.034253618;0.024531932;0.034462282;0.034462282;204.38
222;18/11/2014;1.11E-05;8.76E-06;1.06E-05;7.96E-06;9.56E-06;9.51E-06;7.87E-06;1.13E-05;0.025597352;0.014819407;0.019483597;0.019483597;205.55
223;19/11/2014;2.44E-05;2.64E-05;2.38E-05;2.13E-05;2.31E-05;1.68E-05;2.84E-05;1.31E-05;0.052656175;0.062420685;0.048469497;0.048469497;205.19
224;20/11/2014;1.37E-05;1.01E-05;1.33E-05;8.30E-06;1.29E-05;9.84E-06;1.13E-05;1.39E-05;0.031123532;0.016963218;0.03166664;0.03166664;205.59
225;21/11/2014;1.73E-05;1.50E-05;1.67E-05;1.31E-05;1.63E-05;1.43E-05;1.44E-05;8.63E-06;0.030343169;0.023788942;0.02702542;0.02702542;206.68
226;24/11/2014;7.73E-06;6.06E-06;7.55E-06;4.72E-06;7.58E-06;5.74E-06;7.64E-06;5.60E-06;0.01396628;0.010991911;0.013740386;0.013740386;207.28
227;25/11/2014;1.25E-05;1.14E-05;1.17E-05;9.57E-06;1.24E-05;9.36E-06;1.05E-05;8.52E-06;0.023398033;0.024388772;0.024398418;0.024398418;207.18
228;26/11/2014;7.15E-06;4.49E-06;6.15E-06;4.25E-06;6.27E-06;5.19E-06;4.13E-06;1.31E-06;0.019331903;0.00844397;0.013953553;0.013953553;207.66
229;01/12/2014;2.74E-05;2.65E-05;2.39E-05;2.54E-05;2.26E-05;2.36E-05;2.83E-05;3.78E-05;0.060887359;0.049540457;0.040006622;0.040006622;205.8
230;02/12/2014;1.58E-05;1.60E-05;1.59E-05;1.10E-05;1.38E-05;1.07E-05;1.46E-05;1.84E-05;0.03977894;0.036597361;0.0264876;0.0264876;207.09
231;03/12/2014;1.11E-05;9.60E-06;1.05E-05;8.64E-06;1.04E-05;8.20E-06;7.02E-06;5.45E-06;0.025413867;0.023720512;0.022008907;0.022008907;207.91
232;04/12/2014;2.91E-05;1.70E-05;2.48E-05;1.53E-05;2.22E-05;1.48E-05;1.86E-05;2.16E-05;0.167037808;0.039642146;0.068939096;0.068939096;207.66
233;05/12/2014;1.40E-05;1.51E-05;1.38E-05;1.39E-05;1.38E-05;1.59E-05;1.13E-05;1.41E-05;0.032176913;0.03314615;0.033130308;0.033130308;208
234;08/12/2014;2.60E-05;2.44E-05;2.60E-05;2.47E-05;2.42E-05;2.48E-05;2.18E-05;3.15E-05;0.051835747;0.043663483;0.042963996;0.042963996;206.62
235;09/12/2014;4.10E-05;4.22E-05;4.03E-05;3.91E-05;4.11E-05;3.87E-05;4.87E-05;4.43E-05;0.068822826;0.073878579;0.067270945;0.067270945;206.46
236;10/12/2014;6.10E-05;6.72E-05;5.54E-05;5.44E-05;5.66E-05;5.30E-05;6.28E-05;6.64E-05;0.105785694;0.122075674;0.095144431;0.095144431;203.17
237;11/12/2014;4.68E-05;5.61E-05;4.76E-05;5.60E-05;4.80E-05;5.03E-05;5.06E-05;7.26E-05;0.088994202;0.104754186;0.102716339;0.102716339;204.17
238;12/12/2014;7.41E-05;8.40E-05;7.43E-05;8.88E-05;7.54E-05;0.000102136;7.75E-05;7.27E-05;0.116125632;0.123586952;0.114336779;0.114336779;200.87
239;15/12/2014;0.000125968;0.000137818;0.000131857;0.000125619;0.000130275;0.000120706;0.000144014;0.000132149;0.194337282;0.204657075;0.200085962;0.200085962;199.48
240;16/12/2014;0.000147197;0.000152339;0.000145579;0.000159765;0.000151982;0.000150497;0.000134764;0.000192141;0.258194483;0.276918229;0.273264674;0.273264674;197.93
241;17/12/2014;0.000161559;0.00016243;0.000146215;0.000159287;0.000130596;0.000142739;0.000178065;0.000149818;0.511591001;0.330674381;0.254945591;0.254945591;201.9
242;18/12/2014;4.53E-05;4.73E-05;4.33E-05;4.10E-05;4.46E-05;3.90E-05;4.36E-05;5.73E-05;0.075217397;0.082046547;0.075678224;0.075678224;206.78
243;19/12/2014;3.98E-05;4.18E-05;4.24E-05;3.81E-05;4.23E-05;3.85E-05;3.44E-05;3.04E-05;0.080087928;0.082201838;0.087176344;0.087176344;206.54
244;22/12/2014;1.94E-05;1.13E-05;1.79E-05;1.06E-05;1.75E-05;9.67E-06;1.24E-05;7.77E-06;0.048122522;0.019070457;0.038026974;0.038026974;207.45
245;23/12/2014;1.32E-05;1.20E-05;1.31E-05;8.36E-06;1.39E-05;6.55E-06;1.18E-05;9.79E-06;0.023783918;0.024258268;0.028239101;0.028239101;207.75
246;26/12/2014;5.33E-06;3.50E-06;4.66E-06;2.24E-06;4.84E-06;2.44E-06;3.84E-06;3.28E-06;0.011585621;0.008654673;0.01057623;0.01057623;208.42
247;29/12/2014;8.53E-06;5.88E-06;8.60E-06;5.74E-06;8.97E-06;5.62E-06;5.22E-06;7.99E-06;0.020294943;0.011611612;0.023772221;0.023772221;208.73
248;30/12/2014;1.39E-05;9.17E-06;1.40E-05;7.98E-06;1.29E-05;8.70E-06;1.12E-05;6.88E-06;0.035349951;0.01669358;0.029456244;0.029456244;207.61
249;31/12/2014;3.16E-05;2.68E-05;2.68E-05;2.13E-05;2.82E-05;1.82E-05;3.13E-05;3.54E-05;0.073899495;0.055809053;0.078256773;0.078256773;205.53
250;02/01/2015;5.79E-05;6.26E-05;5.45E-05;6.49E-05;5.23E-05;6.41E-05;6.94E-05;6.42E-05;0.105481266;0.100006688;0.091206586;0.091206586;205.41
251;05/01/2015;7.14E-05;6.02E-05;6.44E-05;5.45E-05;6.51E-05;5.76E-05;6.36E-05;5.06E-05;0.117727997;0.104548462;0.103187575;0.103187575;201.8
252;06/01/2015;0.000104845;0.000115459;9.84E-05;0.000115797;9.25E-05;0.000129295;0.000100635;0.00015297;0.186442448;0.157166524;0.145422183;0.145422183;199.82
253;07/01/2015;8.30E-05;5.93E-05;8.16E-05;5.69E-05;7.89E-05;5.75E-05;6.93E-05;4.33E-05;0.181332593;0.08832137;0.168526994;0.168526994;202.34
254;08/01/2015;2.41E-05;2.24E-05;2.29E-05;2.21E-05;2.28E-05;2.16E-05;2.25E-05;2.73E-05;0.042887196;0.034459435;0.040319775;0.040319775;205.92
255;09/01/2015;7.54E-05;7.40E-05;6.95E-05;5.34E-05;7.10E-05;5.80E-05;8.28E-05;6.94E-05;0.139767501;0.150889902;0.13174589;0.13174589;204.18
256;12/01/2015;6.74E-05;7.35E-05;6.86E-05;6.65E-05;6.82E-05;6.32E-05;8.21E-05;9.70E-05;0.130795708;0.16017565;0.132132157;0.132132157;202.62
257;13/01/2015;8.99E-05;0.000147445;8.60E-05;0.000119503;8.07E-05;0.00011012;0.000111393;0.000139395;0.179280213;0.307709895;0.151961278;0.151961278;202.07
258;14/01/2015;0.00012411;0.000109164;0.000122286;9.89E-05;0.000114284;8.82E-05;0.000118934;9.40E-05;0.207879439;0.188684082;0.199090902;0.199090902;200.91
259;15/01/2015;0.000142616;0.000112443;0.000139217;0.000106781;0.000138406;0.000118439;0.000126392;0.000120901;0.278508644;0.166491716;0.228739265;0.228739265;199.015
260;16/01/2015;9.04E-05;7.56E-05;9.40E-05;6.84E-05;9.41E-05;6.28E-05;7.16E-05;8.40E-05;0.220121725;0.141470505;0.206894468;0.206894468;201.55
261;20/01/2015;7.36E-05;7.50E-05;6.95E-05;6.31E-05;6.53E-05;7.13E-05;6.72E-05;7.02E-05;0.13770492;0.14989665;0.115483182;0.115483182;202.04
262;21/01/2015;7.86E-05;9.79E-05;6.90E-05;8.83E-05;7.54E-05;6.33E-05;9.77E-05;6.11E-05;0.195073185;0.353962896;0.178513578;0.178513578;203.09
263;22/01/2015;7.34E-05;5.43E-05;7.27E-05;6.00E-05;6.45E-05;5.41E-05;7.16E-05;7.43E-05;0.198870562;0.08882074;0.142524155;0.142524155;206.09
264;23/01/2015;4.01E-05;2.40E-05;3.69E-05;2.43E-05;3.87E-05;2.36E-05;3.11E-05;2.29E-05;0.078833631;0.043768089;0.081464381;0.081464381;204.95
265;26/01/2015;3.04E-05;2.97E-05;2.99E-05;2.26E-05;2.81E-05;2.01E-05;3.29E-05;2.56E-05;0.060271178;0.062749294;0.058198728;0.058198728;205.46
266;27/01/2015;7.33E-05;4.88E-05;7.57E-05;4.09E-05;7.84E-05;4.19E-05;5.64E-05;4.85E-05;0.151490849;0.085428918;0.166822085;0.166822085;202.75
267;28/01/2015;9.07E-05;8.36E-05;8.98E-05;8.27E-05;8.93E-05;7.73E-05;0.000102603;8.59E-05;0.182445488;0.138655254;0.149653129;0.149653129;200.07
268;29/01/2015;0.000110267;9.28E-05;0.000112771;0.000115247;0.00010699;0.00010919;9.32E-05;6.39E-05;0.207180109;0.137959964;0.181508046;0.181508046;201.98
269;30/01/2015;0.000112408;0.000106378;0.000103197;9.56E-05;9.80E-05;9.62E-05;0.000122367;9.72E-05;0.205629316;0.168196387;0.181568212;0.181568212;199.44
270;02/02/2015;0.000132369;0.000120951;0.00013113;0.000113093;0.000124361;0.000111866;0.000149641;0.000147722;0.244374357;0.202980202;0.208305417;0.208305417;201.87
271;03/02/2015;6.30E-05;4.95E-05;6.52E-05;4.34E-05;6.60E-05;4.47E-05;4.88E-05;5.21E-05;0.098374869;0.085389627;0.107423016;0.107423016;204.8
272;04/02/2015;6.07E-05;5.80E-05;5.82E-05;5.70E-05;5.84E-05;5.68E-05;6.44E-05;7.24E-05;0.134347893;0.133209211;0.138611487;0.138611487;204.07
273;05/02/2015;3.34E-05;2.33E-05;3.30E-05;2.35E-05;3.44E-05;2.23E-05;2.62E-05;1.88E-05;0.067943041;0.041480276;0.077761258;0.077761258;206.18
274;06/02/2015;5.93E-05;4.51E-05;5.58E-05;4.68E-05;5.81E-05;4.87E-05;5.96E-05;3.01E-05;0.121291848;0.077800305;0.114593842;0.114593842;205.51
275;09/02/2015;4.18E-05;3.10E-05;4.40E-05;3.33E-05;4.08E-05;3.27E-05;3.82E-05;3.28E-05;0.069553289;0.046756628;0.060339859;0.060339859;204.59
276;10/02/2015;3.02E-05;2.90E-05;2.83E-05;2.54E-05;2.60E-05;2.42E-05;2.92E-05;2.03E-05;0.060763513;0.054503584;0.047361167;0.047361167;206.81
277;11/02/2015;3.51E-05;2.83E-05;2.99E-05;2.24E-05;2.95E-05;2.35E-05;3.60E-05;2.60E-05;0.078279383;0.05632887;0.068585623;0.068585623;206.94
278;12/02/2015;1.83E-05;1.43E-05;1.73E-05;1.30E-05;1.75E-05;1.27E-05;1.34E-05;1.17E-05;0.043177612;0.034992683;0.041618979;0.041618979;208.895
279;13/02/2015;1.74E-05;1.09E-05;1.75E-05;1.16E-05;1.49E-05;1.31E-05;1.34E-05;9.55E-06;0.036207561;0.016484604;0.028353987;0.028353987;209.8
280;17/02/2015;1.77E-05;1.23E-05;1.71E-05;7.40E-06;1.66E-05;7.59E-06;1.43E-05;1.35E-05;0.037205006;0.024991874;0.031888061;0.031888061;210.16
281;18/02/2015;2.04E-05;1.57E-05;1.61E-05;1.25E-05;1.41E-05;1.11E-05;1.99E-05;1.35E-05;0.080758743;0.032010144;0.024991326;0.024991326;210.15
282;19/02/2015;1.46E-05;9.08E-06;1.32E-05;8.50E-06;1.34E-05;8.18E-06;1.23E-05;9.45E-06;0.036229247;0.016159465;0.026888098;0.026888098;210.01
283;20/02/2015;3.80E-05;2.51E-05;3.30E-05;2.09E-05;2.96E-05;2.12E-05;3.43E-05;2.68E-05;0.123012069;0.061447656;0.063247742;0.063247742;211.27
284;23/02/2015;1.14E-05;8.59E-06;1.06E-05;7.40E-06;1.00E-05;7.17E-06;1.02E-05;9.12E-06;0.026537656;0.016425208;0.020586882;0.020586882;211.21
285;24/02/2015;1.89E-05;1.16E-05;1.64E-05;9.37E-06;1.43E-05;8.83E-06;1.63E-05;1.09E-05;0.063517024;0.022050863;0.033246371;0.033246371;211.84
286;25/02/2015;1.28E-05;1.13E-05;1.19E-05;9.51E-06;1.16E-05;8.02E-06;9.79E-06;1.14E-05;0.032272929;0.024619933;0.033476861;0.033476861;211.61
287;26/02/2015;1.91E-05;1.98E-05;1.61E-05;1.93E-05;1.49E-05;1.88E-05;1.80E-05;1.70E-05;0.041078476;0.035393582;0.027328819;0.027328819;211.41
288;27/02/2015;1.86E-05;1.42E-05;1.64E-05;1.23E-05;1.69E-05;1.04E-05;1.32E-05;1.32E-05;0.042231667;0.029642959;0.040784791;0.040784791;210.69
289;02/03/2015;1.06E-05;8.58E-06;9.18E-06;7.10E-06;8.19E-06;6.80E-06;8.81E-06;8.16E-06;0.025903554;0.015538872;0.013947055;0.013947055;212
290;03/03/2015;2.07E-05;2.15E-05;1.59E-05;2.02E-05;1.53E-05;1.98E-05;2.27E-05;2.40E-05;0.057967292;0.04181219;0.035538965;0.035538965;211.14
291;04/03/2015;2.56E-05;2.40E-05;2.33E-05;2.03E-05;1.96E-05;2.25E-05;2.09E-05;2.77E-05;0.073679739;0.047500187;0.043213944;0.043213944;210.23
292;05/03/2015;1.55E-05;1.37E-05;1.40E-05;1.12E-05;1.34E-05;1.08E-05;1.63E-05;1.55E-05;0.033300571;0.026793247;0.029153228;0.029153228;210.47
293;06/03/2015;3.90E-05;3.97E-05;3.54E-05;3.63E-05;3.54E-05;3.43E-05;3.95E-05;4.35E-05;0.069388005;0.06775194;0.06352639;0.06352639;207.48
294;09/03/2015;2.17E-05;1.47E-05;1.86E-05;1.46E-05;1.86E-05;1.51E-05;1.79E-05;1.45E-05;0.042550373;0.021421618;0.036285394;0.036285394;208.38
295;10/03/2015;4.46E-05;3.61E-05;4.58E-05;3.64E-05;4.69E-05;3.27E-05;3.53E-05;4.50E-05;0.0746571;0.05774892;0.084323882;0.084323882;204.98
296;11/03/2015;3.33E-05;3.65E-05;3.28E-05;3.74E-05;3.25E-05;3.28E-05;3.14E-05;2.35E-05;0.053063261;0.05885088;0.050537173;0.050537173;204.51
297;12/03/2015;1.98E-05;2.26E-05;1.78E-05;1.81E-05;1.72E-05;2.08E-05;1.67E-05;3.00E-05;0.042096359;0.056815991;0.036364142;0.036364142;207.11
298;13/03/2015;4.96E-05;4.63E-05;5.20E-05;5.30E-05;5.03E-05;5.14E-05;5.85E-05;5.79E-05;0.082602372;0.067181698;0.087919145;0.087919145;205.84
299;16/03/2015;2.63E-05;1.69E-05;2.25E-05;1.59E-05;2.05E-05;1.67E-05;1.90E-05;1.68E-05;0.095353007;0.036015402;0.040728832;0.040728832;208.65
300;17/03/2015;2.69E-05;2.14E-05;2.56E-05;1.82E-05;2.35E-05;1.84E-05;2.44E-05;2.05E-05;0.05875567;0.0403879;0.044235978;0.044235978;207.98
301;18/03/2015;8.31E-05;0.000103141;8.15E-05;7.22E-05;7.56E-05;4.41E-05;0.00010372;0.000163564;0.420308383;0.474446445;0.304677384;0.304677384;210.44
302;19/03/2015;2.64E-05;2.60E-05;2.50E-05;2.36E-05;2.48E-05;2.55E-05;2.72E-05;2.82E-05;0.049770111;0.039645788;0.039558138;0.039558138;209.48
303;20/03/2015;1.74E-05;1.51E-05;1.41E-05;1.25E-05;1.43E-05;1.20E-05;1.57E-05;1.55E-05;0.038574325;0.027487056;0.027426397;0.027426397;210.42
304;23/03/2015;1.33E-05;1.52E-05;1.18E-05;1.32E-05;1.16E-05;1.23E-05;1.19E-05;1.74E-05;0.025666078;0.032063945;0.020664192;0.020664192;210.04
305;24/03/2015;2.69E-05;2.25E-05;2.42E-05;2.25E-05;2.42E-05;2.17E-05;2.51E-05;2.04E-05;0.050785837;0.039334313;0.045245103;0.045245103;208.81
306;25/03/2015;4.23E-05;4.69E-05;3.91E-05;4.66E-05;3.82E-05;4.64E-05;4.71E-05;5.65E-05;0.086845942;0.0868017;0.077020628;0.077020628;205.75
307;26/03/2015;6.23E-05;6.29E-05;6.05E-05;5.07E-05;5.72E-05;6.15E-05;6.94E-05;6.03E-05;0.107971554;0.094179831;0.088524261;0.088524261;205.28
308;27/03/2015;3.80E-05;3.97E-05;3.41E-05;3.58E-05;3.69E-05;4.05E-05;3.44E-05;1.97E-05;0.081620993;0.082096001;0.079846558;0.079846558;205.72
309;30/03/2015;1.85E-05;1.45E-05;1.57E-05;1.57E-05;1.43E-05;1.70E-05;1.60E-05;1.84E-05;0.048059848;0.029894083;0.032443186;0.032443186;208.25
310;31/03/2015;3.99E-05;3.23E-05;3.35E-05;3.14E-05;3.24E-05;2.98E-05;3.32E-05;2.48E-05;0.106313361;0.057853641;0.070402583;0.070402583;206.45
311;01/04/2015;5.95E-05;5.65E-05;5.02E-05;5.68E-05;4.95E-05;4.71E-05;6.37E-05;8.26E-05;0.119195422;0.125313115;0.094590868;0.094590868;205.76
312;02/04/2015;2.78E-05;3.08E-05;2.44E-05;3.07E-05;2.39E-05;3.22E-05;2.98E-05;3.90E-05;0.078162865;0.065727116;0.080663784;0.080663784;206.38
313;06/04/2015;2.48E-05;2.18E-05;2.20E-05;2.28E-05;2.16E-05;2.24E-05;2.57E-05;3.88E-05;0.063959953;0.052225164;0.051232773;0.051232773;207.84
314;07/04/2015;1.94E-05;2.01E-05;1.65E-05;1.39E-05;1.57E-05;1.06E-05;2.05E-05;2.45E-05;0.043296467;0.048092278;0.032565147;0.032565147;207.26
315;08/04/2015;3.94E-05;5.29E-05;3.78E-05;5.28E-05;3.56E-05;4.96E-05;5.00E-05;5.08E-05;0.103944958;0.151273065;0.082998356;0.082998356;207.99
316;09/04/2015;3.65E-05;4.41E-05;3.33E-05;2.61E-05;3.29E-05;3.14E-05;3.77E-05;3.35E-05;0.097149951;0.111060486;0.068696431;0.068696431;208.93
317;10/04/2015;1.07E-05;8.06E-06;1.05E-05;7.90E-06;1.09E-05;7.45E-06;7.21E-06;7.22E-06;0.022827048;0.01615056;0.022296724;0.022296724;210.04
318;13/04/2015;1.70E-05;1.48E-05;1.35E-05;1.28E-05;1.25E-05;9.48E-06;1.51E-05;1.82E-05;0.045922263;0.031173808;0.028000961;0.028000961;209.08
319;14/04/2015;2.92E-05;3.41E-05;2.28E-05;2.36E-05;2.33E-05;2.15E-05;2.79E-05;3.97E-05;0.07314311;0.083500994;0.053968604;0.053968604;209.48
320;15/04/2015;1.56E-05;1.48E-05;1.49E-05;1.21E-05;1.42E-05;1.04E-05;1.42E-05;1.63E-05;0.034525553;0.028751396;0.026847089;0.026847089;210.45
321;16/04/2015;1.97E-05;1.48E-05;1.95E-05;1.53E-05;1.93E-05;1.48E-05;1.73E-05;1.30E-05;0.037454317;0.024091003;0.039300104;0.039300104;210.36
322;17/04/2015;3.81E-05;3.46E-05;3.80E-05;3.13E-05;4.09E-05;2.76E-05;3.98E-05;3.96E-05;0.072948848;0.072502998;0.09079926;0.09079926;207.93
323;20/04/2015;1.71E-05;1.36E-05;1.63E-05;1.34E-05;1.61E-05;1.43E-05;1.48E-05;1.46E-05;0.044537054;0.026664062;0.034707744;0.034707744;209.85
324;21/04/2015;2.63E-05;1.59E-05;2.58E-05;1.52E-05;2.35E-05;1.54E-05;2.25E-05;1.42E-05;0.058507049;0.024173939;0.048860784;0.048860784;209.62
325;22/04/2015;2.74E-05;2.09E-05;2.59E-05;1.61E-05;2.46E-05;1.45E-05;2.06E-05;2.37E-05;0.081416336;0.057443293;0.067629866;0.067629866;210.64
326;23/04/2015;1.99E-05;2.38E-05;2.00E-05;1.30E-05;2.09E-05;1.25E-05;2.47E-05;2.36E-05;0.040283799;0.086234232;0.045373032;0.045373032;211.18
327;24/04/2015;1.42E-05;9.56E-06;1.39E-05;9.80E-06;1.39E-05;1.09E-05;1.18E-05;8.12E-06;0.029181055;0.020605901;0.028081755;0.028081755;211.64
328;27/04/2015;2.11E-05;2.14E-05;1.97E-05;2.28E-05;1.99E-05;2.13E-05;2.00E-05;2.03E-05;0.036001709;0.033946614;0.034669504;0.034669504;210.77
329;28/04/2015;3.01E-05;4.38E-05;3.09E-05;4.56E-05;3.05E-05;4.83E-05;3.20E-05;4.14E-05;0.060286594;0.090999334;0.060178246;0.060178246;211.42
330;29/04/2015;6.17E-05;4.41E-05;6.20E-05;4.40E-05;5.46E-05;4.01E-05;4.95E-05;5.49E-05;0.235068116;0.075603269;0.114548603;0.114548603;210.55
331;30/04/2015;5.51E-05;5.13E-05;5.24E-05;5.08E-05;5.14E-05;5.30E-05;5.79E-05;6.68E-05;0.101894172;0.079083522;0.088313392;0.088313392;208.46
332;01/05/2015;2.67E-05;2.47E-05;2.48E-05;2.03E-05;2.64E-05;2.22E-05;2.53E-05;2.26E-05;0.054363403;0.044250252;0.053376772;0.053376772;210.69
333;04/05/2015;1.78E-05;1.10E-05;1.71E-05;1.24E-05;1.65E-05;1.27E-05;1.16E-05;8.57E-06;0.035226299;0.01792003;0.028142842;0.028142842;211.34
334;05/05/2015;3.89E-05;3.55E-05;3.68E-05;3.72E-05;3.62E-05;3.34E-05;3.69E-05;3.41E-05;0.071691743;0.053741803;0.059348151;0.059348151;208.9
335;06/05/2015;5.66E-05;8.34E-05;5.38E-05;7.76E-05;5.65E-05;9.60E-05;6.65E-05;7.63E-05;0.107037679;0.155108357;0.101347738;0.101347738;208.03
336;07/05/2015;4.70E-05;3.23E-05;4.52E-05;3.64E-05;4.35E-05;4.04E-05;3.86E-05;4.04E-05;0.143208943;0.060100221;0.10268786;0.10268786;208.87
337;08/05/2015;1.12E-05;1.14E-05;1.08E-05;1.06E-05;1.10E-05;8.54E-06;1.07E-05;3.65E-06;0.021896508;0.038611752;0.023206782;0.023206782;211.62
338;11/05/2015;2.27E-05;1.77E-05;2.28E-05;1.69E-05;2.36E-05;1.75E-05;2.03E-05;1.54E-05;0.051731608;0.027686583;0.065973446;0.065973446;210.61
339;12/05/2015;4.31E-05;4.81E-05;3.83E-05;4.70E-05;3.80E-05;5.10E-05;4.46E-05;4.26E-05;0.08183661;0.103305728;0.067678177;0.067678177;209.96
340;13/05/2015;3.07E-05;3.25E-05;3.01E-05;2.37E-05;2.96E-05;2.36E-05;2.95E-05;2.43E-05;0.067473979;0.083208987;0.052794709;0.052794709;210.04
341;14/05/2015;1.06E-05;9.69E-06;1.00E-05;1.02E-05;8.73E-06;1.13E-05;1.11E-05;1.26E-05;0.023997064;0.020294297;0.016904577;0.016904577;212.21
342;15/05/2015;1.37E-05;1.25E-05;1.19E-05;1.23E-05;1.24E-05;1.14E-05;1.22E-05;4.38E-06;0.031802472;0.031877992;0.02587841;0.02587841;212.47
343;18/05/2015;8.02E-06;6.16E-06;7.28E-06;5.69E-06;7.17E-06;5.84E-06;7.03E-06;5.63E-06;0.016903225;0.009894659;0.015237328;0.015237328;213.09
344;19/05/2015;1.74E-05;1.09E-05;1.68E-05;1.15E-05;1.62E-05;1.07E-05;1.13E-05;1.12E-05;0.050206654;0.01974231;0.046542258;0.046542258;213.01
345;20/05/2015;2.26E-05;2.03E-05;2.20E-05;1.58E-05;2.09E-05;1.62E-05;2.11E-05;2.29E-05;0.064546316;0.050224829;0.073925386;0.073925386;212.86
346;21/05/2015;9.71E-06;7.66E-06;9.19E-06;7.53E-06;8.50E-06;7.75E-06;1.01E-05;9.91E-06;0.019052985;0.013116962;0.017322822;0.017322822;213.47
347;22/05/2015;1.13E-05;8.93E-06;1.08E-05;8.05E-06;1.01E-05;6.85E-06;9.81E-06;8.79E-06;0.026259794;0.021083767;0.022087209;0.022087209;212.97
348;26/05/2015;2.76E-05;1.97E-05;2.49E-05;1.93E-05;2.38E-05;2.25E-05;2.70E-05;2.76E-05;0.061259191;0.029159717;0.040570376;0.040570376;210.73
349;27/05/2015;1.82E-05;1.73E-05;1.52E-05;1.74E-05;1.50E-05;1.55E-05;1.72E-05;1.87E-05;0.056197981;0.044873499;0.03841276;0.03841276;212.68
350;28/05/2015;2.31E-05;2.18E-05;2.12E-05;2.02E-05;2.00E-05;2.04E-05;2.26E-05;2.19E-05;0.050160509;0.043184663;0.040549711;0.040549711;212.49
351;29/05/2015;3.17E-05;3.01E-05;2.79E-05;2.42E-05;2.74E-05;2.31E-05;3.22E-05;3.74E-05;0.06582276;0.052738116;0.048140782;0.048140782;211.1
352;01/06/2015;3.28E-05;3.67E-05;2.84E-05;2.95E-05;2.98E-05;2.92E-05;3.33E-05;4.50E-05;0.090915981;0.084795438;0.072411956;0.072411956;211.57
353;02/06/2015;2.66E-05;2.71E-05;2.46E-05;2.55E-05;2.30E-05;2.18E-05;3.22E-05;2.53E-05;0.067600153;0.056078589;0.058544773;0.058544773;211.37
354;03/06/2015;2.42E-05;2.78E-05;2.31E-05;1.75E-05;2.32E-05;1.57E-05;2.95E-05;2.38E-05;0.056481323;0.086801965;0.068610278;0.068610278;211.93
355;04/06/2015;4.75E-05;3.48E-05;4.45E-05;2.57E-05;4.15E-05;2.81E-05;4.89E-05;2.63E-05;0.099519939;0.06160977;0.090851292;0.090851292;210.22
356;05/06/2015;3.31E-05;3.90E-05;3.24E-05;3.25E-05;3.13E-05;3.51E-05;3.66E-05;3.59E-05;0.065120162;0.078609661;0.065850909;0.065850909;209.79
357;08/06/2015;2.79E-05;1.54E-05;2.46E-05;1.48E-05;2.44E-05;1.34E-05;2.44E-05;9.98E-06;0.06345229;0.027698518;0.046342052;0.046342052;208.47
358;09/06/2015;2.71E-05;2.20E-05;2.61E-05;2.21E-05;2.51E-05;2.05E-05;3.10E-05;2.69E-05;0.057818006;0.04005449;0.048695278;0.048695278;208.45
359;10/06/2015;2.55E-05;2.03E-05;2.15E-05;1.34E-05;1.96E-05;1.09E-05;2.10E-05;1.68E-05;0.148170414;0.071739774;0.058679916;0.058679916;210.95
360;11/06/2015;1.92E-05;1.53E-05;1.75E-05;1.18E-05;1.69E-05;1.25E-05;1.34E-05;1.24E-05;0.050707029;0.03259219;0.036318634;0.036318634;211.6
361;12/06/2015;2.44E-05;1.86E-05;2.42E-05;1.43E-05;2.28E-05;1.40E-05;2.27E-05;2.09E-05;0.056199713;0.038496959;0.043848721;0.043848721;210
362;15/06/2015;3.93E-05;3.11E-05;3.41E-05;2.70E-05;3.10E-05;2.44E-05;3.88E-05;3.03E-05;0.11999752;0.074897515;0.084957609;0.084957609;209.09
363;16/06/2015;2.00E-05;3.12E-05;2.09E-05;2.40E-05;1.90E-05;1.60E-05;2.61E-05;1.88E-05;0.051388395;0.128741135;0.042344787;0.042344787;210.26
364;17/06/2015;4.11E-05;4.33E-05;3.76E-05;2.76E-05;3.91E-05;3.13E-05;4.25E-05;5.39E-05;0.115158486;0.136935898;0.10952112;0.10952112;210.62
365;18/06/2015;1.95E-05;2.28E-05;1.38E-05;1.74E-05;1.44E-05;1.64E-05;2.11E-05;1.68E-05;0.068148605;0.048253638;0.031929246;0.031929246;212.75
366;19/06/2015;1.50E-05;1.47E-05;1.15E-05;1.12E-05;1.21E-05;8.70E-06;1.28E-05;1.19E-05;0.052697466;0.038076057;0.024039778;0.024039778;210.45
367;22/06/2015;1.27E-05;1.36E-05;1.18E-05;1.34E-05;1.08E-05;1.23E-05;1.36E-05;6.62E-06;0.026984389;0.026536286;0.023507061;0.023507061;211.91
368;23/06/2015;1.27E-05;1.02E-05;1.29E-05;8.63E-06;1.22E-05;7.80E-06;1.20E-05;6.35E-06;0.031559957;0.031056063;0.031007364;0.031007364;212.03
369;24/06/2015;1.77E-05;1.50E-05;1.70E-05;1.24E-05;1.61E-05;1.18E-05;1.58E-05;1.27E-05;0.033295521;0.027899858;0.029037029;0.029037029;210.49
370;25/06/2015;2.03E-05;1.51E-05;1.83E-05;1.54E-05;1.71E-05;1.55E-05;2.11E-05;2.17E-05;0.052520616;0.023776249;0.038120279;0.038120279;209.82
371;26/06/2015;2.66E-05;2.63E-05;2.51E-05;2.65E-05;2.58E-05;2.58E-05;2.79E-05;1.92E-05;0.051130197;0.042910818;0.053447934;0.053447934;209.83
372;29/06/2015;4.63E-05;4.04E-05;4.29E-05;4.05E-05;4.25E-05;4.41E-05;3.90E-05;3.91E-05;0.091894377;0.059028861;0.079442156;0.079442156;205.44
373;30/06/2015;6.63E-05;5.61E-05;5.60E-05;4.66E-05;5.28E-05;5.72E-05;5.87E-05;7.01E-05;0.150573578;0.099651917;0.09265441;0.09265441;205.89
374;01/07/2015;3.80E-05;2.74E-05;3.48E-05;2.61E-05;3.24E-05;2.54E-05;2.80E-05;2.60E-05;0.078736954;0.050420263;0.060087403;0.060087403;207.52
375;02/07/2015;2.42E-05;1.97E-05;2.13E-05;1.85E-05;1.99E-05;1.86E-05;2.29E-05;1.12E-05;0.050792728;0.034270037;0.034352755;0.034352755;207.3
376;06/07/2015;3.91E-05;3.24E-05;3.99E-05;3.09E-05;3.92E-05;2.73E-05;3.02E-05;3.78E-05;0.084402142;0.059682849;0.075846647;0.075846647;206.7
377;07/07/2015;7.71E-05;9.44E-05;6.95E-05;8.52E-05;7.28E-05;7.90E-05;9.18E-05;0.000119644;0.164434955;0.168638972;0.126606731;0.126606731;207.99
378;08/07/2015;8.78E-05;7.40E-05;8.58E-05;6.78E-05;8.21E-05;6.81E-05;8.69E-05;6.13E-05;0.145479025;0.11927768;0.143059179;0.143059179;204.49
379;09/07/2015;4.33E-05;4.31E-05;4.21E-05;4.01E-05;4.03E-05;4.15E-05;4.21E-05;3.77E-05;0.085445614;0.068239139;0.065979884;0.065979884;204.89
380;10/07/2015;2.39E-05;1.92E-05;2.32E-05;1.78E-05;2.41E-05;1.78E-05;2.44E-05;2.06E-05;0.044751895;0.031901078;0.04088751;0.04088751;207.46
381;13/07/2015;1.38E-05;1.08E-05;1.38E-05;1.07E-05;1.40E-05;1.13E-05;8.10E-06;7.98E-06;0.023757527;0.021279453;0.023435692;0.023435692;209.76
382;14/07/2015;8.78E-06;6.96E-06;8.21E-06;6.61E-06;7.91E-06;6.05E-06;6.32E-06;6.38E-06;0.018069991;0.011742734;0.015147983;0.015147983;210.68
383;15/07/2015;1.73E-05;1.53E-05;1.64E-05;1.60E-05;1.53E-05;1.52E-05;1.79E-05;1.56E-05;0.037918886;0.026459944;0.027953664;0.027953664;210.63
384;16/07/2015;9.63E-06;7.11E-06;8.42E-06;7.56E-06;8.00E-06;6.67E-06;6.40E-06;6.93E-06;0.02496902;0.012060596;0.014818898;0.014818898;212.25
385;17/07/2015;8.02E-06;4.25E-06;7.76E-06;3.79E-06;7.72E-06;4.16E-06;6.44E-06;5.13E-06;0.018207199;0.008123043;0.01581832;0.01581832;212.45
386;20/07/2015;1.07E-05;9.47E-06;9.77E-06;9.13E-06;9.73E-06;1.03E-05;1.10E-05;8.26E-06;0.021597397;0.016014072;0.018017025;0.018017025;212.6125
387;21/07/2015;1.23E-05;1.19E-05;1.03E-05;1.18E-05;1.10E-05;1.22E-05;1.33E-05;1.11E-05;0.023819477;0.017059937;0.018502284;0.018502284;211.75
388;22/07/2015;1.54E-05;1.28E-05;1.28E-05;1.04E-05;1.23E-05;1.06E-05;1.28E-05;1.69E-05;0.03997943;0.022202266;0.023662733;0.023662733;211.34
389;23/07/2015;2.02E-05;1.61E-05;1.89E-05;1.38E-05;1.88E-05;1.57E-05;1.69E-05;1.83E-05;0.039364364;0.026102536;0.031934948;0.031934948;210.17
390;24/07/2015;2.44E-05;2.43E-05;2.31E-05;2.54E-05;2.28E-05;2.37E-05;2.66E-05;2.96E-05;0.042653354;0.039696988;0.0397261;0.0397261;207.97
391;27/07/2015;3.62E-05;3.86E-05;3.51E-05;3.85E-05;3.34E-05;4.83E-05;3.44E-05;3.93E-05;0.062954493;0.06559248;0.056286834;0.056286834;206.76
392;28/07/2015;2.87E-05;2.94E-05;2.85E-05;3.05E-05;2.76E-05;3.05E-05;2.57E-05;2.42E-05;0.06113847;0.050275722;0.064134645;0.064134645;209.3
393;29/07/2015;3.33E-05;2.16E-05;3.69E-05;2.31E-05;3.69E-05;2.22E-05;3.56E-05;1.87E-05;0.0974012;0.035125217;0.125855994;0.125855994;210.74
394;30/07/2015;2.69E-05;1.84E-05;2.45E-05;1.76E-05;2.36E-05;2.00E-05;2.61E-05;1.32E-05;0.056625124;0.032773519;0.045177883;0.045177883;210.79
395;31/07/2015;2.47E-05;1.96E-05;2.30E-05;1.57E-05;1.99E-05;1.87E-05;1.83E-05;1.84E-05;0.055028264;0.040443382;0.040805434;0.040805434;210.47
396;03/08/2015;3.27E-05;3.40E-05;2.93E-05;2.88E-05;2.64E-05;2.72E-05;3.10E-05;3.17E-05;0.069363253;0.065592194;0.045734886;0.045734886;209.76
397;04/08/2015;2.96E-05;2.57E-05;2.88E-05;2.25E-05;3.02E-05;2.58E-05;3.07E-05;2.67E-05;0.05535977;0.040797191;0.061222642;0.061222642;209.35
398;05/08/2015;2.28E-05;1.91E-05;2.20E-05;1.77E-05;1.94E-05;1.88E-05;1.97E-05;2.02E-05;0.044318242;0.033460253;0.034112466;0.034112466;210.09
399;06/08/2015;3.12E-05;2.96E-05;2.88E-05;3.11E-05;2.84E-05;3.03E-05;3.10E-05;4.56E-05;0.063283806;0.052565484;0.05768623;0.05768623;208.47
400;07/08/2015;3.73E-05;3.23E-05;3.56E-05;2.90E-05;3.37E-05;3.28E-05;3.03E-05;2.53E-05;0.068609195;0.058871702;0.05228497;0.05228497;207.93
401;10/08/2015;1.09E-05;1.31E-05;8.86E-06;1.19E-05;9.63E-06;1.14E-05;1.12E-05;8.75E-06;0.028100442;0.036219286;0.024124952;0.024124952;210.58
402;11/08/2015;3.46E-05;3.10E-05;3.37E-05;3.29E-05;3.35E-05;3.03E-05;3.23E-05;2.26E-05;0.062097407;0.047001862;0.05784689;0.05784689;208.63
403;12/08/2015;5.25E-05;7.45E-05;5.17E-05;7.76E-05;5.01E-05;7.12E-05;5.34E-05;7.02E-05;0.08737325;0.132182001;0.079866657;0.079866657;208.89
404;13/08/2015;3.97E-05;4.46E-05;4.14E-05;3.61E-05;3.79E-05;4.20E-05;3.20E-05;1.96E-05;0.077555381;0.085487077;0.071543189;0.071543189;208.63
405;14/08/2015;2.11E-05;1.70E-05;1.97E-05;1.48E-05;2.04E-05;1.42E-05;1.58E-05;1.48E-05;0.048218776;0.029475009;0.054570644;0.054570644;209.4
406;17/08/2015;1.90E-05;2.13E-05;1.58E-05;2.08E-05;1.41E-05;2.02E-05;2.21E-05;2.60E-05;0.064691766;0.052577444;0.02908163;0.02908163;210.58
407;18/08/2015;2.03E-05;1.50E-05;2.06E-05;1.46E-05;2.03E-05;1.32E-05;2.00E-05;8.25E-06;0.037000171;0.024548885;0.038511399;0.038511399;209.97
408;19/08/2015;6.10E-05;6.80E-05;5.57E-05;7.04E-05;5.43E-05;7.88E-05;6.82E-05;8.37E-05;0.117420855;0.110837764;0.108014284;0.108014284;208.32
409;20/08/2015;7.20E-05;7.24E-05;6.90E-05;7.24E-05;6.09E-05;7.19E-05;6.41E-05;7.44E-05;0.151730247;0.113767294;0.097318138;0.097318138;203.91
410;21/08/2015;0.000153656;0.000156964;0.000157419;0.000167238;0.000152503;0.000174205;0.000143779;0.000180016;0.24847477;0.211295529;0.248490099;0.248490099;197.54
411;24/08/2015;0.00128562;0.002397022;0.001501443;0.002622013;0.001548544;0.002638188;0.00159417;0.002053351;2.766925354;5.680798363;3.936433169;3.936433169;189.48
412;25/08/2015;0.000326858;0.000413537;0.000349763;0.000336404;0.000342284;0.00030413;0.000340644;0.000278327;0.624993096;1.157643879;0.652511148;0.652511148;187.24
413;26/08/2015;0.000465305;0.000479798;0.000459466;0.000495841;0.000444048;0.000476422;0.000409981;0.000298483;0.969418882;0.855947763;0.730974501;0.730974501;194.56
414;27/08/2015;0.000214451;0.000240399;0.000198203;0.000237528;0.000210048;0.000269334;0.000210289;0.000206747;0.437296482;0.438816289;0.415303452;0.415303452;199.28
415;28/08/2015;0.000135239;9.64E-05;0.00012816;9.15E-05;0.000130637;9.50E-05;0.000117837;9.12E-05;0.226309956;0.153971119;0.211313103;0.211313103;199.28
416;31/08/2015;9.10E-05;0.000106975;9.26E-05;0.000109497;9.24E-05;0.00011437;9.04E-05;5.70E-05;0.161990904;0.164817646;0.177687686;0.177687686;197.6
417;01/09/2015;0.000245033;0.000166459;0.000235145;0.000156938;0.000239125;0.000155282;0.000247185;0.000128207;0.449547987;0.26540456;0.438255117;0.438255117;191.61
418;02/09/2015;0.000143372;0.000132012;0.00012549;0.000109193;0.000121781;0.000108325;0.000139534;0.000121246;0.281563993;0.239088517;0.210618324;0.210618324;195.46
419;03/09/2015;0.000138105;8.80E-05;0.000124779;8.28E-05;0.000127304;9.17E-05;0.00012925;7.32E-05;0.285414292;0.138001341;0.201906136;0.201906136;195.55
420;04/09/2015;0.000121164;8.95E-05;0.000120077;9.69E-05;0.000113679;9.59E-05;0.000109418;0.000111782;0.233743807;0.177495309;0.206799829;0.206799829;192.56
421;08/09/2015;5.26E-05;4.41E-05;5.00E-05;4.63E-05;5.30E-05;4.72E-05;4.68E-05;4.86E-05;0.091514776;0.072927015;0.09941562;0.09941562;197.51
422;09/09/2015;0.000101891;6.76E-05;0.000101862;6.47E-05;0.000100522;7.07E-05;8.90E-05;9.90E-05;0.187977628;0.105829053;0.182958283;0.182958283;194.79
423;10/09/2015;0.000133999;8.42E-05;0.000121073;8.17E-05;0.000121783;8.90E-05;0.000113247;0.000118923;0.234059604;0.12742188;0.202049498;0.202049498;195.88
424;11/09/2015;6.56E-05;5.88E-05;5.42E-05;4.95E-05;5.37E-05;5.97E-05;6.13E-05;3.97E-05;0.134282047;0.101263534;0.120056968;0.120056968;196.77
425;14/09/2015;4.60E-05;3.91E-05;4.30E-05;3.92E-05;4.04E-05;4.35E-05;3.98E-05;4.39E-05;0.08889222;0.069677314;0.074435081;0.074435081;196
426;15/09/2015;3.97E-05;3.15E-05;3.96E-05;2.66E-05;3.69E-05;3.18E-05;3.05E-05;2.56E-05;0.074608031;0.057650171;0.065665805;0.065665805;198.49
427;16/09/2015;4.10E-05;3.08E-05;4.52E-05;3.08E-05;4.56E-05;3.11E-05;3.67E-05;3.87E-05;0.069172471;0.054146095;0.075221567;0.075221567;200.19
428;17/09/2015;0.000156547;0.000164932;0.000176939;0.00015998;0.000170908;0.000189839;0.000155173;0.000150898;0.352933885;0.390603574;0.405040107;0.405040107;199.76
429;18/09/2015;0.000105571;9.58E-05;9.80E-05;8.54E-05;9.76E-05;8.90E-05;9.64E-05;7.78E-05;0.219869564;0.167637951;0.183810188;0.183810188;195.42
430;21/09/2015;7.15E-05;6.99E-05;6.87E-05;5.87E-05;6.67E-05;5.45E-05;6.61E-05;7.85E-05;0.137362103;0.121750991;0.123203881;0.123203881;196.46
431;22/09/2015;7.78E-05;7.39E-05;6.78E-05;7.10E-05;6.50E-05;7.60E-05;6.61E-05;7.88E-05;0.145753861;0.11446838;0.101284398;0.101284398;193.88
432;23/09/2015;6.48E-05;6.54E-05;6.21E-05;5.93E-05;5.77E-05;5.79E-05;6.79E-05;3.69E-05;0.117037689;0.107779008;0.096897267;0.096897267;193.57
433;24/09/2015;0.000106704;9.08E-05;9.49E-05;8.32E-05;9.46E-05;9.14E-05;0.00010169;9.56E-05;0.199845669;0.159125811;0.166265425;0.166265425;192.93
434;25/09/2015;9.55E-05;8.81E-05;9.14E-05;9.06E-05;8.98E-05;9.07E-05;8.52E-05;0.000112924;0.173974309;0.150484493;0.156914331;0.156914331;192.81
435;28/09/2015;9.71E-05;9.23E-05;9.97E-05;7.55E-05;0.000103557;8.24E-05;8.75E-05;0.000112102;0.143057992;0.147307743;0.160446955;0.160446955;187.93
436;29/09/2015;0.000147524;0.000146165;0.000151039;0.000138414;0.000147691;0.000143934;0.000139116;0.000159608;0.24165854;0.235255375;0.231338372;0.231338372;188.05
437;30/09/2015;8.69E-05;0.000100731;8.79E-05;8.55E-05;8.67E-05;8.87E-05;8.46E-05;8.16E-05;0.155994976;0.164864799;0.147620234;0.147620234;191.67
438;01/10/2015;0.000125544;0.000126473;0.000123508;0.000113862;0.000120206;9.89E-05;0.000120263;7.70E-05;0.216226355;0.213496124;0.20453225;0.20453225;192.15
439;02/10/2015;0.000123121;0.00011413;0.0001194;0.000121619;0.000125163;0.000134084;0.000118329;0.000127794;0.206585314;0.15514866;0.210726107;0.210726107;194.98
440;05/10/2015;4.31E-05;3.90E-05;4.06E-05;3.60E-05;4.06E-05;3.92E-05;3.65E-05;2.76E-05;0.082093991;0.075265796;0.078252971;0.078252971;198.5
441;06/10/2015;6.51E-05;4.80E-05;6.02E-05;4.51E-05;6.13E-05;3.94E-05;6.75E-05;5.38E-05;0.104736911;0.087006395;0.09787567;0.09787567;197.82
442;07/10/2015;8.76E-05;8.12E-05;8.75E-05;7.23E-05;9.15E-05;8.00E-05;7.42E-05;8.35E-05;0.145163184;0.117244208;0.154184994;0.154184994;199.45
443;08/10/2015;6.59E-05;4.99E-05;7.28E-05;5.12E-05;7.50E-05;4.96E-05;5.94E-05;4.76E-05;0.116530622;0.087222077;0.148452664;0.148452664;201.215
444;09/10/2015;3.70E-05;3.23E-05;3.48E-05;3.22E-05;3.49E-05;3.35E-05;3.73E-05;2.35E-05;0.064964692;0.050098194;0.058713279;0.058713279;201.36
445;12/10/2015;2.18E-05;1.54E-05;2.09E-05;1.39E-05;2.20E-05;1.48E-05;2.13E-05;1.30E-05;0.044888;0.02568949;0.044112121;0.044112121;201.55
446;13/10/2015;3.41E-05;2.66E-05;3.12E-05;2.42E-05;3.10E-05;2.50E-05;2.89E-05;2.62E-05;0.066333454;0.043197333;0.057847221;0.057847221;200.22
447;14/10/2015;5.13E-05;4.85E-05;4.95E-05;5.05E-05;5.05E-05;5.34E-05;4.66E-05;5.09E-05;0.081252772;0.066761627;0.077756188;0.077756188;199.27
448;15/10/2015;4.00E-05;2.94E-05;3.75E-05;3.31E-05;3.29E-05;3.55E-05;3.64E-05;3.44E-05;0.083707272;0.039695856;0.055546712;0.055546712;202.33
449;16/10/2015;2.41E-05;2.08E-05;2.33E-05;2.13E-05;2.22E-05;2.34E-05;2.20E-05;2.03E-05;0.044536746;0.030321223;0.038432861;0.038432861;203.14
450;19/10/2015;2.57E-05;2.30E-05;2.43E-05;2.19E-05;2.46E-05;2.32E-05;2.11E-05;2.25E-05;0.043151289;0.036598542;0.039156862;0.039156862;203.33
451;20/10/2015;3.21E-05;2.50E-05;2.87E-05;2.60E-05;2.81E-05;2.62E-05;2.95E-05;2.05E-05;0.054686872;0.037110075;0.043016719;0.043016719;203.07
452;21/10/2015;5.16E-05;5.85E-05;4.54E-05;5.37E-05;4.12E-05;5.83E-05;5.02E-05;5.86E-05;0.125136229;0.099636031;0.065740165;0.065740165;201.82
453;22/10/2015;4.19E-05;3.47E-05;3.90E-05;3.11E-05;3.72E-05;3.20E-05;3.93E-05;3.91E-05;0.09401649;0.057049234;0.064529034;0.064529034;205.22
454;23/10/2015;4.24E-05;2.78E-05;4.08E-05;3.04E-05;3.99E-05;3.06E-05;3.41E-05;2.48E-05;0.074820791;0.040070229;0.064271019;0.064271019;207.51
455;26/10/2015;2.21E-05;1.57E-05;2.14E-05;1.67E-05;2.08E-05;1.70E-05;2.04E-05;1.11E-05;0.040930785;0.024005514;0.035330873;0.035330873;206.97
456;27/10/2015;2.86E-05;2.75E-05;2.47E-05;2.34E-05;2.25E-05;2.23E-05;2.40E-05;2.94E-05;0.081257907;0.057445469;0.034358972;0.034358972;206.58
457;28/10/2015;6.22E-05;8.92E-05;4.89E-05;5.90E-05;5.34E-05;7.17E-05;6.70E-05;6.35E-05;0.184379014;0.324113766;0.130261443;0.130261443;208.96
458;29/10/2015;2.68E-05;2.43E-05;2.43E-05;2.67E-05;2.44E-05;2.50E-05;2.38E-05;2.12E-05;0.054206164;0.041023024;0.042492953;0.042492953;208.87
459;30/10/2015;3.36E-05;3.30E-05;2.74E-05;3.33E-05;2.78E-05;3.10E-05;3.24E-05;2.65E-05;0.08981255;0.076980767;0.05264588;0.05264588;207.85
460;02/11/2015;1.76E-05;1.56E-05;1.48E-05;1.35E-05;1.53E-05;1.47E-05;1.74E-05;1.06E-05;0.049353656;0.034875261;0.026595722;0.026595722;210.37
461;03/11/2015;1.80E-05;2.10E-05;1.74E-05;1.70E-05;1.70E-05;1.61E-05;1.66E-05;2.04E-05;0.032587758;0.041202458;0.028958322;0.028958322;210.96
462;04/11/2015;3.92E-05;4.07E-05;3.73E-05;4.08E-05;3.76E-05;3.89E-05;4.19E-05;3.14E-05;0.066836849;0.063538464;0.061443825;0.061443825;210.38
463;05/11/2015;3.58E-05;3.50E-05;3.40E-05;3.41E-05;3.24E-05;4.02E-05;3.46E-05;3.84E-05;0.064292613;0.053116207;0.052280137;0.052280137;210.12
464;06/11/2015;4.61E-05;3.89E-05;4.67E-05;3.60E-05;4.36E-05;4.86E-05;5.57E-05;5.74E-05;0.085143441;0.061165347;0.075253911;0.075253911;210.02
465;09/11/2015;4.47E-05;4.97E-05;3.96E-05;4.36E-05;3.94E-05;4.03E-05;4.04E-05;3.55E-05;0.083078547;0.120910015;0.080046865;0.080046865;208.06
466;10/11/2015;3.60E-05;3.53E-05;3.17E-05;3.10E-05;2.97E-05;3.27E-05;3.26E-05;2.27E-05;0.077210621;0.062762851;0.057185695;0.057185695;208.51
467;11/11/2015;2.57E-05;2.48E-05;2.24E-05;2.04E-05;2.23E-05;2.24E-05;2.62E-05;2.03E-05;0.048869531;0.040147949;0.041525142;0.041525142;207.71
468;12/11/2015;4.80E-05;4.79E-05;4.42E-05;4.83E-05;4.23E-05;5.34E-05;4.55E-05;4.07E-05;0.085966229;0.071671431;0.073905643;0.073905643;204.89
469;13/11/2015;5.41E-05;4.58E-05;5.53E-05;4.42E-05;5.43E-05;4.84E-05;5.47E-05;5.13E-05;0.091086698;0.068723049;0.084981328;0.084981328;202.54
470;16/11/2015;5.98E-05;5.74E-05;5.55E-05;4.92E-05;5.57E-05;4.87E-05;6.05E-05;6.88E-05;0.137586621;0.137084371;0.099878748;0.099878748;205.6
471;17/11/2015;6.26E-05;6.64E-05;6.05E-05;6.91E-05;6.45E-05;6.64E-05;6.26E-05;4.88E-05;0.104690238;0.099422896;0.118884961;0.118884961;205.38
472;18/11/2015;4.57E-05;4.26E-05;4.36E-05;4.07E-05;4.53E-05;3.58E-05;4.44E-05;4.48E-05;0.090849149;0.076565734;0.089479875;0.089479875;208.71
473;19/11/2015;2.86E-05;2.27E-05;2.66E-05;2.55E-05;2.52E-05;2.45E-05;2.41E-05;1.70E-05;0.054059906;0.042066586;0.049700696;0.049700696;208.53
474;20/11/2015;1.72E-05;1.64E-05;1.53E-05;1.43E-05;1.53E-05;1.35E-05;1.51E-05;1.38E-05;0.031213225;0.028955213;0.027238377;0.027238377;209.35
475;23/11/2015;2.12E-05;2.11E-05;2.07E-05;2.42E-05;2.09E-05;2.58E-05;1.60E-05;2.30E-05;0.038803881;0.034699056;0.036967177;0.036967177;209.06
476;24/11/2015;3.55E-05;3.30E-05;3.51E-05;3.11E-05;3.41E-05;2.85E-05;2.86E-05;3.99E-05;0.066991363;0.055417693;0.065513409;0.065513409;209.38
477;25/11/2015;1.36E-05;1.13E-05;1.26E-05;1.15E-05;1.18E-05;1.08E-05;1.13E-05;7.02E-06;0.03435594;0.02440469;0.027260151;0.027260151;209.32
478;30/11/2015;2.09E-05;1.88E-05;2.00E-05;1.63E-05;1.94E-05;1.72E-05;2.24E-05;1.92E-05;0.039524325;0.030941871;0.032784834;0.032784834;208.67
479;01/12/2015;2.69E-05;2.59E-05;2.27E-05;2.45E-05;1.85E-05;2.30E-05;2.97E-05;3.36E-05;0.119840069;0.048604044;0.04133014;0.04133014;210.74
480;02/12/2015;3.50E-05;2.64E-05;3.22E-05;2.29E-05;3.00E-05;2.67E-05;3.54E-05;2.29E-05;0.075244302;0.042102009;0.051110222;0.051110222;208.5
481;03/12/2015;8.10E-05;8.15E-05;7.66E-05;7.81E-05;7.42E-05;8.75E-05;7.87E-05;7.60E-05;0.16090425;0.129077997;0.155665385;0.155665385;205.6
482;04/12/2015;5.17E-05;6.52E-05;5.07E-05;5.91E-05;5.11E-05;5.46E-05;5.91E-05;7.22E-05;0.099830057;0.133778973;0.108087706;0.108087706;209.63
483;07/12/2015;6.38E-05;6.10E-05;5.99E-05;6.87E-05;5.54E-05;6.47E-05;5.27E-05;3.23E-05;0.117826629;0.095849156;0.100109467;0.100109467;208.29
484;08/12/2015;7.24E-05;9.41E-05;6.56E-05;7.83E-05;6.61E-05;7.64E-05;7.94E-05;9.07E-05;0.123574484;0.172046719;0.118954217;0.118954217;206.96
485;09/12/2015;0.000114803;0.000111339;0.000108771;9.48E-05;0.000103737;9.26E-05;9.57E-05;0.000103896;0.231915968;0.212533994;0.175352681;0.175352681;205.36
486;10/12/2015;7.35E-05;6.47E-05;6.35E-05;6.94E-05;6.13E-05;7.30E-05;6.62E-05;7.78E-05;0.162084936;0.114213718;0.1136764;0.1136764;205.82
487;11/12/2015;0.00010161;7.33E-05;9.75E-05;6.47E-05;0.000107967;7.13E-05;8.29E-05;5.91E-05;0.165518317;0.117243162;0.180174575;0.180174575;201.85
488;14/12/2015;0.000148218;0.00015527;0.000143469;0.000168484;0.000135848;0.000174925;0.000141579;0.000124489;0.290172417;0.247108684;0.219173669;0.219173669;202.99
489;15/12/2015;4.70E-05;4.04E-05;4.41E-05;3.67E-05;4.23E-05;3.50E-05;4.99E-05;4.79E-05;0.083546495;0.067713165;0.076686821;0.076686821;205.09
490;16/12/2015;0.000136315;6.92E-05;0.000134009;7.44E-05;0.000116764;8.03E-05;0.000105403;7.73E-05;0.625347427;0.116018013;0.415121372;0.415121372;207.98
491;17/12/2015;9.18E-05;8.69E-05;8.12E-05;7.85E-05;7.73E-05;7.48E-05;9.00E-05;0.000116011;0.184114568;0.154474001;0.127637587;0.127637587;204.89
492;18/12/2015;9.79E-05;8.35E-05;0.000100544;7.80E-05;9.55E-05;7.55E-05;8.88E-05;9.37E-05;0.164272192;0.127621906;0.154237571;0.154237571;199.96
493;21/12/2015;5.24E-05;5.51E-05;4.91E-05;4.88E-05;5.19E-05;5.30E-05;5.19E-05;4.52E-05;0.088672678;0.095641907;0.096968115;0.096968115;201.65
494;22/12/2015;4.04E-05;4.11E-05;3.78E-05;3.61E-05;3.56E-05;4.01E-05;4.09E-05;4.41E-05;0.081625286;0.070184296;0.067138943;0.067138943;203.51
495;23/12/2015;2.42E-05;1.54E-05;2.50E-05;1.51E-05;2.47E-05;1.50E-05;1.41E-05;1.20E-05;0.054704817;0.027938647;0.064302789;0.064302789;206.02
496;28/12/2015;2.42E-05;2.62E-05;2.30E-05;2.14E-05;2.22E-05;1.93E-05;2.54E-05;1.77E-05;0.043297862;0.058774127;0.036892986;0.036892986;205.19
497;29/12/2015;1.34E-05;1.37E-05;1.30E-05;1.18E-05;1.22E-05;1.16E-05;1.47E-05;1.43E-05;0.023033246;0.027770497;0.020312105;0.020312105;207.43
498;30/12/2015;2.11E-05;1.86E-05;2.24E-05;1.43E-05;2.20E-05;1.25E-05;1.91E-05;1.68E-05;0.046304503;0.049595814;0.056566501;0.056566501;205.94
499;31/12/2015;3.81E-05;4.02E-05;3.24E-05;2.88E-05;3.11E-05;2.92E-05;3.90E-05;4.18E-05;0.078992888;0.093539794;0.056935083;0.056935083;203.93
500;04/01/2016;9.20E-05;9.04E-05;8.56E-05;8.73E-05;8.62E-05;8.74E-05;8.02E-05;8.30E-05;0.164196926;0.172182897;0.152604768;0.152604768;200.99
501;05/01/2016;7.62E-05;6.58E-05;7.18E-05;6.82E-05;6.57E-05;6.52E-05;7.16E-05;7.70E-05;0.141948096;0.100751511;0.111238146;0.111238146;201.43
502;06/01/2016;8.68E-05;7.06E-05;8.34E-05;7.10E-05;8.78E-05;7.33E-05;6.50E-05;8.88E-05;0.161452351;0.119607981;0.174172074;0.174172074;198.79
503;07/01/2016;0.000146323;0.000163483;0.00015119;0.000149032;0.000141763;0.000140317;0.000138158;0.000160095;0.248682722;0.291023615;0.217625355;0.217625355;194.01
504;08/01/2016;0.000121503;0.000145883;0.000114409;0.000152943;0.000118984;0.000151917;0.000114687;0.000123587;0.195786624;0.236339164;0.212061442;0.212061442;191.89
505;11/01/2016;0.000143335;0.000154516;0.000135087;0.000163822;0.00012863;0.000191937;0.000157128;0.000176752;0.238578651;0.239485522;0.205241602;0.205241602;192.08
506;12/01/2016;0.000134683;0.000143932;0.000131799;0.000132813;0.000129547;0.000148662;0.000140827;0.000177332;0.204161503;0.208508248;0.195830027;0.195830027;193.62
507;13/01/2016;0.000179441;0.000194184;0.00018251;0.00017174;0.000191516;0.000160078;0.000157444;0.000132516;0.289871455;0.424097719;0.30579245;0.30579245;188.84
508;14/01/2016;0.000194189;0.000171352;0.000185801;0.000190883;0.000182295;0.000203854;0.000188971;0.000268137;0.354040321;0.267237273;0.325054898;0.325054898;191.89
509;15/01/2016;0.000225618;0.000198521;0.000218546;0.000214124;0.000217126;0.000231852;0.0002448;0.000217215;0.370210907;0.290073965;0.340233571;0.340233571;187.78
510;19/01/2016;0.000172921;0.000184424;0.000174797;0.000149828;0.000176588;0.000156247;0.000183464;0.000202618;0.26835636;0.292802496;0.27588857;0.27588857;188.02
511;20/01/2016;0.000344806;0.000339777;0.00034881;0.000360261;0.000343426;0.000380374;0.000347554;0.000414054;0.5145817;0.500887401;0.520115704;0.520115704;185.79
512;21/01/2016;0.000307619;0.000310115;0.000297202;0.000315879;0.000287618;0.000314229;0.000328218;0.000230124;0.541706115;0.50129809;0.450294997;0.450294997;186.68
513;22/01/2016;0.000102823;6.03E-05;0.000103822;6.83E-05;0.00010255;7.39E-05;5.64E-05;5.92E-05;0.170516521;0.081344672;0.176661963;0.176661963;190.49
514;25/01/2016;9.98E-05;6.78E-05;0.000101734;6.03E-05;9.67E-05;6.02E-05;7.31E-05;7.18E-05;0.167676;0.112859874;0.155869734;0.155869734;187.66
515;26/01/2016;9.10E-05;9.98E-05;7.69E-05;8.74E-05;7.59E-05;8.30E-05;8.23E-05;6.24E-05;0.211824584;0.191197822;0.143323816;0.143323816;190.18
516;27/01/2016;0.000214025;0.000189368;0.00022284;0.000117104;0.000236504;0.000128042;0.000152148;0.000212821;0.696645236;0.453750343;0.909612315;0.909612315;188.12
517;28/01/2016;0.00017758;0.000184847;0.000162649;0.000192391;0.000159563;0.000163281;0.000129711;0.000136405;0.340508536;0.312209943;0.276663847;0.276663847;189.14
518;29/01/2016;6.42E-05;5.58E-05;6.12E-05;4.74E-05;5.89E-05;4.67E-05;5.93E-05;7.45E-05;0.137434995;0.102454445;0.10671596;0.10671596;193.69
519;01/02/2016;7.48E-05;9.24E-05;7.38E-05;9.47E-05;7.52E-05;0.000105302;9.03E-05;6.25E-05;0.13305316;0.136622062;0.127713707;0.127713707;193.6899
520;02/02/2016;8.43E-05;6.32E-05;7.57E-05;5.95E-05;7.42E-05;6.27E-05;8.17E-05;7.86E-05;0.153636258;0.098498269;0.119897773;0.119897773;190.13
521;03/02/2016;0.000254888;0.000272079;0.000258158;0.000273295;0.000242451;0.000256023;0.000275735;0.000306756;0.451486506;0.543829563;0.371989714;0.371989714;191.19
522;04/02/2016;0.000196435;0.000194432;0.000191362;0.000226317;0.00018914;0.000205953;0.000206967;0.000167214;0.359398253;0.333038091;0.375425117;0.375425117;191.55
523;05/02/2016;0.000147078;0.000132825;0.000146065;0.000121757;0.000141935;0.000132217;0.000145694;9.93E-05;0.240927821;0.202967713;0.216175576;0.216175576;187.95
524;08/02/2016;0.000179122;0.000183426;0.000173595;0.000164526;0.00016622;0.000167705;0.000163084;0.000155613;0.320407164;0.314847008;0.296752184;0.296752184;185.37
525;09/02/2016;0.000225978;0.000262328;0.000219061;0.000283897;0.000227741;0.000311827;0.000229429;0.00024901;0.355026509;0.383862333;0.362869873;0.362869873;185.38
526;10/02/2016;0.000153212;0.000162687;0.00014969;0.000168979;0.000147555;0.000153192;0.000157687;0.000122652;0.261333525;0.262133222;0.235618869;0.235618869;185.29
527;11/02/2016;0.00025759;0.000211998;0.00025633;0.000175056;0.000264521;0.000214565;0.000256583;0.000165736;0.524519695;0.375956053;0.534348425;0.534348425;183.06
528;12/02/2016;8.10E-05;5.80E-05;7.94E-05;4.74E-05;7.86E-05;4.83E-05;6.10E-05;6.26E-05;0.174560563;0.107220418;0.127507039;0.127507039;186.64
529;16/02/2016;6.39E-05;5.06E-05;5.39E-05;5.19E-05;5.24E-05;5.69E-05;5.58E-05;4.71E-05;0.140203148;0.07769503;0.093642271;0.093642271;189.77
530;17/02/2016;3.74E-05;3.24E-05;3.83E-05;3.35E-05;3.82E-05;3.66E-05;3.13E-05;3.84E-05;0.064992038;0.049120207;0.065869833;0.065869833;192.87
531;18/02/2016;4.68E-05;5.06E-05;4.51E-05;5.50E-05;4.45E-05;5.27E-05;4.79E-05;4.47E-05;0.093103908;0.085730379;0.074891116;0.074891116;192.04
532;19/02/2016;5.60E-05;6.77E-05;4.88E-05;5.44E-05;4.12E-05;4.94E-05;5.25E-05;4.01E-05;0.172826659;0.173170894;0.083303596;0.083303596;192.02
533;22/02/2016;2.86E-05;2.74E-05;2.59E-05;2.33E-05;2.40E-05;2.27E-05;2.37E-05;2.63E-05;0.075404288;0.058252047;0.041408446;0.041408446;194.79
534;23/02/2016;3.94E-05;4.40E-05;3.93E-05;3.77E-05;4.10E-05;4.20E-05;3.90E-05;4.99E-05;0.068419108;0.07748708;0.07762319;0.07762319;192.37
535;24/02/2016;8.61E-05;0.00010617;7.32E-05;7.87E-05;7.05E-05;6.15E-05;8.97E-05;9.98E-05;0.218248778;0.208661181;0.138251414;0.138251414;193.22
536;25/02/2016;5.14E-05;6.63E-05;4.53E-05;7.28E-05;4.91E-05;7.45E-05;5.58E-05;5.82E-05;0.105605851;0.107530447;0.088262561;0.088262561;195.53
537;26/02/2016;4.87E-05;4.69E-05;4.96E-05;3.97E-05;4.80E-05;3.36E-05;5.09E-05;4.53E-05;0.081308788;0.080014024;0.075939697;0.075939697;195.13
538;29/02/2016;6.18E-05;5.28E-05;5.78E-05;5.38E-05;5.25E-05;4.55E-05;5.59E-05;5.84E-05;0.126571095;0.102068769;0.11757209;0.11757209;193.48
539;01/03/2016;4.74E-05;4.74E-05;4.25E-05;3.54E-05;4.31E-05;2.72E-05;4.45E-05;4.33E-05;0.108813157;0.133178194;0.083986939;0.083986939;198.17
540;02/03/2016;4.76E-05;4.42E-05;4.55E-05;4.22E-05;4.94E-05;3.91E-05;4.33E-05;4.63E-05;0.082877237;0.077364035;0.089910822;0.089910822;199
541;03/03/2016;3.74E-05;2.79E-05;3.58E-05;2.83E-05;3.48E-05;2.90E-05;3.51E-05;2.17E-05;0.0664928;0.049393435;0.055324308;0.055324308;199.76
542;04/03/2016;4.84E-05;4.60E-05;4.84E-05;5.25E-05;4.76E-05;5.52E-05;4.89E-05;4.09E-05;0.088081824;0.072631975;0.079507185;0.079507185;200.38
543;07/03/2016;4.76E-05;4.26E-05;4.42E-05;4.18E-05;4.06E-05;4.26E-05;4.77E-05;4.25E-05;0.087212246;0.063682022;0.064780429;0.064780429;200.59
544;08/03/2016;5.91E-05;5.15E-05;6.02E-05;4.82E-05;5.51E-05;4.92E-05;5.87E-05;2.44E-05;0.106949049;0.083963036;0.094022427;0.094022427;198.36
545;09/03/2016;5.56E-05;4.46E-05;5.20E-05;3.56E-05;4.85E-05;2.92E-05;4.25E-05;4.55E-05;0.126580933;0.131824693;0.091793544;0.091793544;199.42
546;10/03/2016;0.000111483;0.000109219;0.000118568;0.000103017;0.000114772;0.000104814;0.000109785;0.000114266;0.186072156;0.175059677;0.203962804;0.203962804;199.54
547;11/03/2016;2.51E-05;1.87E-05;2.63E-05;1.69E-05;2.83E-05;1.66E-05;2.31E-05;1.91E-05;0.042989177;0.033022515;0.053700198;0.053700198;202.73
548;14/03/2016;2.28E-05;2.01E-05;1.84E-05;2.18E-05;1.60E-05;2.05E-05;2.23E-05;1.52E-05;0.057969159;0.029541477;0.026501194;0.026501194;202.495
549;15/03/2016;2.10E-05;1.83E-05;2.05E-05;1.32E-05;2.02E-05;1.47E-05;1.86E-05;2.06E-05;0.038674605;0.034373648;0.034571589;0.034571589;202.17
550;16/03/2016;6.59E-05;8.11E-05;5.87E-05;6.32E-05;6.76E-05;6.86E-05;8.94E-05;7.83E-05;0.285088093;0.258801654;0.410414606;0.410414606;203.4
551;17/03/2016;2.66E-05;2.47E-05;2.41E-05;2.42E-05;2.63E-05;2.72E-05;2.42E-05;2.98E-05;0.050295873;0.040327092;0.053175701;0.053175701;204.65
552;18/03/2016;2.38E-05;2.16E-05;2.45E-05;2.38E-05;2.29E-05;2.41E-05;1.60E-05;1.38E-05;0.04000769;0.034464237;0.038688422;0.038688422;204.44
553;21/03/2016;2.58E-05;1.96E-05;2.53E-05;1.60E-05;2.26E-05;1.64E-05;2.13E-05;1.89E-05;0.052138621;0.037589221;0.043996596;0.043996596;204.68
554;22/03/2016;2.44E-05;2.29E-05;2.40E-05;2.06E-05;2.24E-05;1.92E-05;1.99E-05;1.75E-05;0.056124124;0.041544294;0.050456602;0.050456602;204.59
555;23/03/2016;3.33E-05;2.01E-05;3.17E-05;1.98E-05;2.87E-05;2.10E-05;2.79E-05;1.81E-05;0.077738129;0.032778996;0.064113486;0.064113486;203.24
556;24/03/2016;2.14E-05;1.57E-05;2.05E-05;1.42E-05;2.08E-05;1.30E-05;1.99E-05;1.75E-05;0.03777274;0.029039381;0.032856644;0.032856644;203.14
557;28/03/2016;2.44E-05;1.93E-05;2.04E-05;1.58E-05;1.98E-05;1.82E-05;2.21E-05;1.84E-05;0.049805258;0.033557218;0.035523927;0.035523927;203.26
558;29/03/2016;3.06E-05;2.93E-05;2.48E-05;2.37E-05;2.27E-05;2.46E-05;3.42E-05;3.52E-05;0.107789061;0.078042243;0.041509866;0.041509866;205.15
559;30/03/2016;2.07E-05;2.01E-05;1.88E-05;1.87E-05;1.76E-05;1.90E-05;2.14E-05;2.02E-05;0.039128318;0.03331223;0.028815772;0.028815772;206.07
560;31/03/2016;1.99E-05;1.62E-05;1.87E-05;1.38E-05;1.84E-05;1.38E-05;1.52E-05;1.08E-05;0.039957261;0.028366836;0.035683495;0.035683495;205.55
561;01/04/2016;3.10E-05;2.86E-05;2.77E-05;2.62E-05;2.58E-05;2.34E-05;3.15E-05;3.32E-05;0.081407337;0.060467043;0.059705159;0.059705159;206.89
562;04/04/2016;1.89E-05;1.88E-05;1.74E-05;1.65E-05;1.56E-05;1.87E-05;1.76E-05;1.92E-05;0.036213712;0.033507602;0.027401628;0.027401628;206.27
563;05/04/2016;3.83E-05;3.24E-05;3.45E-05;3.20E-05;3.16E-05;2.76E-05;3.60E-05;2.83E-05;0.083355386;0.051174932;0.059863015;0.059863015;204.19
564;06/04/2016;3.71E-05;3.34E-05;3.25E-05;3.15E-05;2.85E-05;3.35E-05;3.25E-05;3.69E-05;0.09088363;0.06454179;0.06227289;0.06227289;206.43
565;07/04/2016;3.55E-05;4.69E-05;3.44E-05;4.51E-05;3.62E-05;5.13E-05;3.89E-05;4.62E-05;0.060511732;0.072326383;0.064197106;0.064197106;203.94
566;08/04/2016;3.35E-05;3.39E-05;3.49E-05;3.03E-05;3.34E-05;2.93E-05;3.32E-05;2.65E-05;0.056242412;0.055623084;0.054662771;0.054662771;204.53
567;11/04/2016;4.17E-05;3.51E-05;3.88E-05;2.49E-05;3.52E-05;2.29E-05;4.59E-05;3.74E-05;0.087741885;0.066352205;0.068082776;0.068082776;203.98
568;12/04/2016;4.92E-05;4.03E-05;4.62E-05;3.06E-05;4.34E-05;2.86E-05;5.41E-05;3.44E-05;0.136948014;0.083278105;0.126055974;0.126055974;205.94
569;13/04/2016;2.28E-05;2.07E-05;2.12E-05;2.20E-05;2.06E-05;2.39E-05;1.99E-05;1.69E-05;0.04395362;0.033433372;0.037365429;0.037365429;208.02
570;14/04/2016;1.53E-05;1.72E-05;1.52E-05;1.65E-05;1.52E-05;1.24E-05;1.29E-05;8.04E-06;0.0271111;0.033462585;0.025526247;0.025526247;208.01
571;15/04/2016;1.12E-05;6.74E-06;1.11E-05;6.59E-06;1.04E-05;6.64E-06;8.03E-06;7.47E-06;0.021889254;0.011060057;0.018084328;0.018084328;207.81
572;18/04/2016;1.76E-05;1.73E-05;1.57E-05;1.24E-05;1.49E-05;1.19E-05;1.98E-05;1.56E-05;0.04933249;0.037897217;0.029233251;0.029233251;209.28
573;19/04/2016;1.99E-05;1.97E-05;1.92E-05;1.79E-05;1.91E-05;1.73E-05;2.03E-05;2.01E-05;0.038063039;0.033518051;0.033603293;0.033603293;209.87
574;20/04/2016;1.47E-05;1.55E-05;1.33E-05;1.61E-05;1.31E-05;1.46E-05;1.42E-05;1.63E-05;0.031212829;0.027655498;0.022067447;0.022067447;210.06
575;21/04/2016;2.61E-05;2.41E-05;2.36E-05;2.58E-05;2.21E-05;2.59E-05;2.85E-05;1.71E-05;0.052082296;0.036400536;0.036832186;0.036832186;208.96
576;22/04/2016;2.91E-05;2.57E-05;2.64E-05;2.29E-05;2.54E-05;2.14E-05;2.78E-05;2.81E-05;0.058007553;0.046926053;0.048982078;0.048982078;208.99
577;25/04/2016;2.23E-05;2.25E-05;2.09E-05;1.43E-05;2.01E-05;1.38E-05;1.89E-05;2.03E-05;0.043017017;0.04992619;0.036664522;0.036664522;208.61
578;26/04/2016;2.00E-05;1.86E-05;1.95E-05;1.89E-05;1.82E-05;1.88E-05;1.67E-05;1.92E-05;0.039648959;0.030062289;0.036873629;0.036873629;208.97
579;27/04/2016;3.65E-05;4.01E-05;3.45E-05;2.48E-05;3.38E-05;1.76E-05;3.67E-05;3.22E-05;0.091604278;0.133162739;0.087615825;0.087615825;209.34
580;28/04/2016;3.17E-05;3.40E-05;3.14E-05;3.34E-05;2.93E-05;2.74E-05;3.30E-05;4.46E-05;0.07443174;0.068058534;0.066285378;0.066285378;207.48
581;29/04/2016;5.16E-05;5.78E-05;4.74E-05;5.62E-05;4.58E-05;5.51E-05;5.19E-05;6.73E-05;0.096953437;0.095774272;0.077781038;0.077781038;206.33
582;02/05/2016;3.18E-05;2.48E-05;3.28E-05;2.22E-05;3.11E-05;2.54E-05;2.94E-05;1.38E-05;0.059561986;0.047577559;0.057075353;0.057075353;207.97
583;03/05/2016;3.83E-05;3.10E-05;3.75E-05;2.44E-05;3.74E-05;2.15E-05;3.43E-05;2.52E-05;0.067889973;0.056759177;0.066311764;0.066311764;206.15
584;04/05/2016;3.66E-05;2.74E-05;3.72E-05;2.54E-05;3.64E-05;2.82E-05;3.38E-05;2.44E-05;0.070874036;0.045089057;0.086526439;0.086526439;204.99
585;05/05/2016;3.23E-05;3.66E-05;3.01E-05;3.43E-05;2.93E-05;3.19E-05;2.89E-05;2.02E-05;0.063541943;0.069294116;0.053078725;0.053078725;204.98
586;06/05/2016;3.69E-05;4.05E-05;3.51E-05;4.21E-05;3.26E-05;3.91E-05;3.50E-05;4.18E-05;0.093349449;0.070350228;0.059084386;0.059084386;205.7
587;09/05/2016;2.57E-05;2.36E-05;2.70E-05;2.00E-05;2.63E-05;2.26E-05;2.19E-05;2.13E-05;0.048434757;0.043712808;0.052176305;0.052176305;205.89
588;10/05/2016;1.18E-05;1.19E-05;1.16E-05;1.21E-05;1.15E-05;1.28E-05;9.13E-06;1.46E-05;0.025195385;0.025345566;0.023158698;0.023158698;208.43
589;11/05/2016;1.99E-05;2.00E-05;1.87E-05;1.50E-05;1.81E-05;1.67E-05;2.09E-05;1.77E-05;0.040822575;0.040806978;0.034007177;0.034007177;206.56
590;12/05/2016;3.45E-05;4.24E-05;3.41E-05;3.71E-05;3.38E-05;3.07E-05;3.54E-05;2.89E-05;0.061793876;0.075032884;0.062657747;0.062657747;206.56
591;13/05/2016;4.28E-05;3.73E-05;4.22E-05;3.39E-05;4.11E-05;3.59E-05;3.65E-05;3.87E-05;0.079355969;0.064919067;0.075655627;0.075655627;204.76
592;16/05/2016;2.01E-05;1.79E-05;1.74E-05;1.78E-05;1.52E-05;1.68E-05;1.53E-05;1.85E-05;0.043233051;0.029523231;0.03091985;0.03091985;206.78
593;17/05/2016;3.53E-05;3.89E-05;3.42E-05;3.29E-05;3.46E-05;3.60E-05;3.51E-05;3.77E-05;0.065221384;0.074743634;0.058212761;0.058212761;204.88
594;18/05/2016;8.16E-05;9.86E-05;7.98E-05;7.66E-05;7.73E-05;7.23E-05;8.70E-05;7.63E-05;0.209799946;0.224639207;0.177073177;0.177073177;204.96
595;19/05/2016;5.41E-05;6.11E-05;5.75E-05;6.92E-05;5.04E-05;7.01E-05;4.82E-05;6.63E-05;0.105031357;0.112037923;0.080720656;0.080720656;204.22
596;20/05/2016;2.13E-05;1.56E-05;1.98E-05;1.44E-05;1.89E-05;1.44E-05;2.10E-05;2.44E-05;0.054533876;0.026207052;0.034357986;0.034357986;205.46
597;23/05/2016;2.15E-05;1.23E-05;2.30E-05;1.19E-05;2.17E-05;1.05E-05;1.58E-05;1.09E-05;0.045266065;0.025726003;0.045541212;0.045541212;205.15
598;24/05/2016;1.30E-05;1.35E-05;1.25E-05;1.31E-05;1.23E-05;1.43E-05;1.29E-05;1.78E-05;0.02481975;0.024806237;0.025850593;0.025850593;207.85
599;25/05/2016;1.66E-05;1.49E-05;1.47E-05;1.41E-05;1.45E-05;1.35E-05;1.66E-05;1.90E-05;0.036897195;0.02898911;0.030128347;0.030128347;209.22
600;26/05/2016;1.61E-05;1.23E-05;1.51E-05;1.22E-05;1.63E-05;1.05E-05;1.59E-05;8.89E-06;0.03366198;0.023377347;0.034247965;0.034247965;209.3264
601;27/05/2016;1.08E-05;8.48E-06;1.03E-05;7.94E-06;9.43E-06;8.84E-06;8.24E-06;4.92E-06;0.022515021;0.024117784;0.019124513;0.019124513;210.2
602;31/05/2016;1.90E-05;1.95E-05;1.62E-05;1.59E-05;1.57E-05;1.15E-05;1.99E-05;2.10E-05;0.04775338;0.041340398;0.026780658;0.026780658;209.9
603;01/06/2016;2.00E-05;1.65E-05;1.81E-05;1.75E-05;1.68E-05;1.96E-05;2.10E-05;1.96E-05;0.040777857;0.025616204;0.028075995;0.028075995;210.27
604;02/06/2016;1.76E-05;1.55E-05;1.67E-05;1.06E-05;1.58E-05;9.66E-06;1.32E-05;1.54E-05;0.048477371;0.047884713;0.033317782;0.033317782;210.91
605;03/06/2016;2.58E-05;2.66E-05;2.47E-05;2.45E-05;2.36E-05;2.30E-05;2.79E-05;2.26E-05;0.053832809;0.042421503;0.049035717;0.049035717;210.3
606;06/06/2016;1.56E-05;1.58E-05;1.39E-05;1.63E-05;1.22E-05;1.56E-05;1.26E-05;1.50E-05;0.043117709;0.030533733;0.024799753;0.024799753;211.35
607;07/06/2016;9.55E-06;6.35E-06;9.37E-06;6.42E-06;9.40E-06;6.25E-06;6.92E-06;6.75E-06;0.023576203;0.011265174;0.020637244;0.020637244;211.67
608;08/06/2016;1.13E-05;9.23E-06;1.10E-05;1.04E-05;1.07E-05;1.11E-05;8.48E-06;1.45E-05;0.022790862;0.015232957;0.022507235;0.022507235;212.35
609;09/06/2016;1.56E-05;1.22E-05;1.40E-05;1.16E-05;1.36E-05;1.09E-05;1.40E-05;1.35E-05;0.031660837;0.020896093;0.025863342;0.025863342;212.01
610;10/06/2016;2.26E-05;2.18E-05;2.19E-05;1.88E-05;2.16E-05;1.68E-05;2.05E-05;2.13E-05;0.042101886;0.041678598;0.036950922;0.036950922;210.06
611;13/06/2016;3.53E-05;3.24E-05;3.31E-05;3.26E-05;3.21E-05;3.68E-05;3.28E-05;3.29E-05;0.06159665;0.056648629;0.056000726;0.056000726;208.44
612;14/06/2016;4.45E-05;4.13E-05;4.32E-05;4.81E-05;4.29E-05;5.16E-05;4.63E-05;4.54E-05;0.075652294;0.054079589;0.068043102;0.068043102;208.08
613;15/06/2016;3.48E-05;2.65E-05;2.99E-05;2.40E-05;2.99E-05;2.47E-05;2.72E-05;2.90E-05;0.086757409;0.054409029;0.073453177;0.073453177;207.75
614;16/06/2016;5.25E-05;5.14E-05;5.12E-05;5.54E-05;5.19E-05;6.16E-05;4.57E-05;5.56E-05;0.093896453;0.0756021;0.089844203;0.089844203;208.42
615;17/06/2016;3.49E-05;3.01E-05;3.45E-05;3.40E-05;3.51E-05;3.58E-05;3.80E-05;2.78E-05;0.06680599;0.049074789;0.065306725;0.065306725;206.58
616;20/06/2016;2.38E-05;2.33E-05;2.26E-05;2.00E-05;2.18E-05;1.79E-05;2.16E-05;2.59E-05;0.050841968;0.046512839;0.038280388;0.038280388;207.86
617;21/06/2016;2.53E-05;2.49E-05;2.40E-05;2.33E-05;2.35E-05;2.41E-05;2.14E-05;1.72E-05;0.050022547;0.04295177;0.049920073;0.049920073;208.39
618;22/06/2016;2.53E-05;2.67E-05;2.13E-05;2.24E-05;2.07E-05;1.88E-05;2.46E-05;2.04E-05;0.07116512;0.065509256;0.034857955;0.034857955;208.05
619;23/06/2016;1.92E-05;1.70E-05;1.85E-05;1.83E-05;1.79E-05;2.24E-05;1.76E-05;1.58E-05;0.037478798;0.029748808;0.036009548;0.036009548;210.83
620;24/06/2016;0.000151362;0.000167419;0.000147208;0.000168548;0.000148797;0.000156371;0.000157921;0.000190423;0.278934606;0.337284077;0.271858905;0.271858905;203.22
621;27/06/2016;0.000113572;9.05E-05;0.000116752;9.49E-05;0.00011824;8.90E-05;9.02E-05;0.000117801;0.185981939;0.14284957;0.18482305;0.18482305;199.59
622;28/06/2016;4.19E-05;4.35E-05;4.24E-05;4.73E-05;4.37E-05;4.27E-05;4.25E-05;4.67E-05;0.066544996;0.067739269;0.069117013;0.069117013;203.1725
623;29/06/2016;2.69E-05;2.74E-05;2.66E-05;2.90E-05;2.71E-05;2.90E-05;2.32E-05;1.40E-05;0.056736427;0.041591101;0.061058429;0.061058429;206.67
624;30/06/2016;4.57E-05;3.69E-05;4.03E-05;3.30E-05;4.20E-05;3.64E-05;4.17E-05;5.36E-05;0.088149023;0.058845904;0.07625285;0.07625285;209.5
625;01/07/2016;2.24E-05;1.89E-05;2.19E-05;1.58E-05;2.13E-05;1.51E-05;2.26E-05;1.44E-05;0.043606988;0.032289703;0.036822186;0.036822186;209.83
626;05/07/2016;3.12E-05;2.72E-05;2.54E-05;2.02E-05;2.68E-05;2.28E-05;2.88E-05;2.52E-05;0.080564502;0.058342893;0.050214998;0.050214998;208.43
627;06/07/2016;5.61E-05;4.69E-05;5.51E-05;4.17E-05;5.35E-05;4.19E-05;5.06E-05;3.58E-05;0.109906472;0.090464382;0.119871418;0.119871418;209.75
628;07/07/2016;3.28E-05;2.97E-05;3.06E-05;3.21E-05;3.12E-05;3.25E-05;3.25E-05;3.38E-05;0.062853243;0.04308411;0.055874673;0.055874673;209.53
629;08/07/2016;1.86E-05;1.39E-05;1.80E-05;1.39E-05;1.98E-05;1.38E-05;1.16E-05;1.48E-05;0.041045048;0.025094814;0.051054975;0.051054975;212.65
630;11/07/2016;1.25E-05;1.52E-05;1.15E-05;1.48E-05;1.10E-05;1.51E-05;1.31E-05;8.61E-06;0.029714055;0.029316595;0.020482068;0.020482068;213.41
631;12/07/2016;9.98E-06;9.11E-06;9.20E-06;7.69E-06;9.09E-06;8.61E-06;7.94E-06;8.96E-06;0.017553562;0.016043207;0.015373541;0.015373541;214.94
632;13/07/2016;1.53E-05;1.68E-05;1.49E-05;1.30E-05;1.42E-05;1.22E-05;1.52E-05;1.75E-05;0.026795253;0.030683457;0.024214397;0.024214397;214.92
633;14/07/2016;1.56E-05;1.56E-05;1.38E-05;1.60E-05;1.45E-05;1.63E-05;1.29E-05;1.74E-05;0.030513631;0.02584272;0.032051387;0.032051387;216.07
634;15/07/2016;1.30E-05;1.11E-05;1.22E-05;1.26E-05;1.16E-05;1.17E-05;1.34E-05;1.39E-05;0.02471203;0.016280238;0.021593838;0.021593838;215.81
635;18/07/2016;8.46E-06;7.79E-06;7.80E-06;7.43E-06;7.78E-06;7.16E-06;8.36E-06;7.90E-06;0.016779747;0.013127192;0.014553232;0.014553232;216.4
636;19/07/2016;1.05E-05;6.64E-06;9.91E-06;5.88E-06;9.97E-06;5.74E-06;1.11E-05;6.35E-06;0.023221489;0.011405757;0.022000845;0.022000845;216.15
637;20/07/2016;7.59E-06;7.95E-06;7.07E-06;5.12E-06;6.84E-06;6.34E-06;6.89E-06;8.40E-06;0.018179188;0.019924932;0.014719696;0.014719696;217.09
638;21/07/2016;1.23E-05;1.09E-05;1.18E-05;1.13E-05;1.16E-05;1.06E-05;1.14E-05;1.21E-05;0.020843742;0.017822117;0.019216449;0.019216449;216.25
639;22/07/2016;8.74E-06;7.57E-06;7.97E-06;6.89E-06;7.78E-06;7.13E-06;8.63E-06;7.60E-06;0.020333054;0.013096692;0.01314673;0.01314673;217.23
640;25/07/2016;1.13E-05;1.04E-05;9.97E-06;1.02E-05;1.03E-05;1.07E-05;1.03E-05;7.73E-06;0.021590088;0.015592445;0.019140102;0.019140102;216.67
641;26/07/2016;2.10E-05;2.28E-05;2.09E-05;1.89E-05;1.82E-05;1.70E-05;2.30E-05;2.85E-05;0.06961412;0.060939662;0.041734062;0.041734062;216.73
642;27/07/2016;2.88E-05;2.45E-05;2.79E-05;1.76E-05;3.00E-05;1.59E-05;2.32E-05;1.92E-05;0.077624367;0.059393282;0.092633984;0.092633984;216.53
643;28/07/2016;1.97E-05;2.62E-05;1.85E-05;1.93E-05;1.85E-05;1.48E-05;2.06E-05;1.76E-05;0.048235433;0.069060383;0.045619767;0.045619767;216.78
644;29/07/2016;1.68E-05;2.00E-05;1.48E-05;1.75E-05;1.34E-05;1.91E-05;1.62E-05;1.88E-05;0.039845066;0.037887754;0.025932085;0.025932085;217.13
645;01/08/2016;2.47E-05;2.39E-05;2.21E-05;2.17E-05;2.29E-05;2.06E-05;2.44E-05;1.97E-05;0.045216307;0.044213561;0.040055039;0.040055039;216.89
646;02/08/2016;2.77E-05;2.72E-05;2.71E-05;2.32E-05;2.56E-05;2.16E-05;2.81E-05;3.09E-05;0.05485821;0.049910237;0.055611085;0.055611085;215.55
647;03/08/2016;1.38E-05;1.17E-05;1.30E-05;1.00E-05;1.22E-05;1.04E-05;1.22E-05;6.15E-06;0.030986229;0.02102103;0.02470912;0.02470912;216.21
648;04/08/2016;1.24E-05;1.22E-05;1.12E-05;9.12E-06;1.10E-05;9.12E-06;1.13E-05;1.18E-05;0.024809671;0.02733481;0.018225506;0.018225506;216.41
649;05/08/2016;7.61E-06;5.19E-06;6.84E-06;5.59E-06;7.08E-06;5.49E-06;5.88E-06;7.41E-06;0.017141388;0.009053137;0.016405934;0.016405934;218.17
650;08/08/2016;6.82E-06;5.48E-06;6.78E-06;5.04E-06;7.13E-06;5.71E-06;6.48E-06;5.79E-06;0.013256901;0.011156654;0.014800132;0.014800132;218.03
651;09/08/2016;8.32E-06;6.15E-06;7.86E-06;5.81E-06;7.60E-06;5.43E-06;6.43E-06;6.72E-06;0.015708008;0.011170351;0.013468914;0.013468914;218.17
652;10/08/2016;1.28E-05;1.25E-05;1.24E-05;1.21E-05;1.16E-05;1.16E-05;1.21E-05;1.17E-05;0.027148574;0.023130194;0.01992786;0.01992786;217.64
653;11/08/2016;9.70E-06;7.82E-06;9.20E-06;6.66E-06;9.27E-06;6.60E-06;1.08E-05;7.50E-06;0.021350187;0.016959897;0.01972311;0.01972311;218.65
654;12/08/2016;9.94E-06;6.71E-06;9.58E-06;7.45E-06;8.89E-06;8.44E-06;7.53E-06;3.59E-06;0.024197815;0.011585295;0.020911281;0.020911281;218.45
655;15/08/2016;5.22E-06;3.04E-06;4.75E-06;3.16E-06;4.57E-06;2.86E-06;3.19E-06;3.60E-06;0.013653372;0.005636078;0.009957172;0.009957172;219.125
656;16/08/2016;9.55E-06;9.73E-06;8.17E-06;8.89E-06;7.73E-06;7.95E-06;8.58E-06;1.09E-05;0.022138577;0.016876967;0.016497952;0.016497952;217.98
657;17/08/2016;2.10E-05;1.73E-05;1.90E-05;1.46E-05;1.69E-05;1.29E-05;1.73E-05;1.76E-05;0.071808783;0.037866601;0.079221909;0.079221909;218.37
658;18/08/2016;7.68E-06;6.70E-06;6.85E-06;7.09E-06;6.97E-06;6.92E-06;6.88E-06;5.75E-06;0.015951881;0.011425886;0.015925952;0.015925952;218.87
659;19/08/2016;8.97E-06;9.79E-06;8.22E-06;1.05E-05;7.47E-06;1.08E-05;9.37E-06;9.99E-06;0.019089552;0.018891238;0.013105071;0.013105071;218.57
660;22/08/2016;1.91E-05;2.28E-05;1.56E-05;1.64E-05;1.62E-05;1.41E-05;2.19E-05;2.76E-05;0.052559677;0.055843115;0.050252171;0.050252171;218.5
661;23/08/2016;8.01E-06;5.29E-06;7.77E-06;4.52E-06;7.70E-06;4.11E-06;6.27E-06;4.28E-06;0.016761845;0.010196954;0.017931131;0.017931131;218.94
662;24/08/2016;1.28E-05;1.16E-05;1.09E-05;6.86E-06;1.09E-05;5.30E-06;1.19E-05;1.15E-05;0.03120721;0.028095844;0.022546147;0.022546147;217.88
663;25/08/2016;1.75E-05;1.62E-05;1.63E-05;1.63E-05;1.44E-05;1.40E-05;1.60E-05;1.47E-05;0.039400596;0.030769425;0.025574545;0.025574545;217.63
664;26/08/2016;5.44E-05;3.70E-05;4.90E-05;3.53E-05;5.07E-05;3.29E-05;6.36E-05;4.88E-05;0.131461299;0.068162314;0.137921467;0.137921467;217.25
665;29/08/2016;9.07E-06;6.99E-06;8.38E-06;6.72E-06;8.21E-06;6.59E-06;9.08E-06;1.10E-05;0.022928833;0.021020255;0.018100315;0.018100315;218.36
666;30/08/2016;1.56E-05;1.51E-05;1.37E-05;1.44E-05;1.30E-05;1.18E-05;1.30E-05;7.31E-06;0.042395441;0.028867975;0.027228133;0.027228133;217.97
667;31/08/2016;1.67E-05;1.32E-05;1.37E-05;1.25E-05;1.33E-05;9.61E-06;1.46E-05;1.11E-05;0.039818642;0.024484388;0.023670671;0.023670671;217.39
668;01/09/2016;2.66E-05;2.64E-05;2.45E-05;2.25E-05;2.26E-05;2.40E-05;3.10E-05;3.85E-05;0.064485316;0.05171398;0.049233479;0.049233479;217.41
669;02/09/2016;1.51E-05;1.38E-05;1.29E-05;1.48E-05;1.35E-05;1.49E-05;1.37E-05;1.24E-05;0.029365058;0.023271219;0.025098286;0.025098286;218.37
670;06/09/2016;1.50E-05;1.15E-05;1.39E-05;9.64E-06;1.33E-05;7.99E-06;1.41E-05;1.31E-05;0.046606293;0.028713047;0.042022476;0.042022476;219.07
671;07/09/2016;1.02E-05;7.33E-06;9.95E-06;6.40E-06;9.82E-06;6.35E-06;7.13E-06;7.74E-06;0.020239021;0.012677392;0.019387891;0.019387891;219.06
672;08/09/2016;1.68E-05;1.05E-05;1.57E-05;1.08E-05;1.64E-05;1.14E-05;1.32E-05;7.89E-06;0.038751862;0.018788508;0.034616256;0.034616256;218.53
673;09/09/2016;3.47E-05;3.88E-05;3.55E-05;3.56E-05;3.44E-05;3.35E-05;4.01E-05;4.02E-05;0.060265008;0.069154749;0.063025153;0.063025153;213.28
674;12/09/2016;6.07E-05;6.07E-05;5.33E-05;5.19E-05;5.05E-05;5.67E-05;6.89E-05;7.83E-05;0.143902877;0.10722045;0.089800022;0.089800022;216.34
675;13/09/2016;9.51E-05;8.57E-05;9.26E-05;9.05E-05;9.24E-05;9.17E-05;9.57E-05;6.04E-05;0.168093859;0.143951603;0.15745251;0.15745251;213.23
676;14/09/2016;5.81E-05;5.30E-05;5.43E-05;4.87E-05;5.06E-05;5.98E-05;5.58E-05;5.08E-05;0.098277814;0.078643351;0.080201459;0.080201459;213.14
677;15/09/2016;4.51E-05;4.02E-05;4.65E-05;4.09E-05;4.51E-05;4.30E-05;3.64E-05;3.12E-05;0.106574223;0.064400073;0.115705297;0.115705297;215.29
678;16/09/2016;3.52E-05;2.67E-05;3.25E-05;2.27E-05;3.09E-05;2.09E-05;2.77E-05;2.27E-05;0.066539199;0.043702705;0.057200815;0.057200815;213.34
679;19/09/2016;2.38E-05;2.34E-05;2.10E-05;2.03E-05;1.94E-05;1.74E-05;2.47E-05;3.35E-05;0.06281799;0.050220372;0.03334323;0.03334323;213.39
680;20/09/2016;2.04E-05;2.24E-05;1.89E-05;1.81E-05;1.79E-05;1.77E-05;2.00E-05;1.59E-05;0.043925955;0.039041659;0.038016587;0.038016587;213.43
681;21/09/2016;4.36E-05;3.14E-05;3.66E-05;2.63E-05;3.23E-05;2.21E-05;3.72E-05;4.53E-05;0.135729532;0.062184366;0.071723633;0.071723633;215.79
682;22/09/2016;1.47E-05;1.80E-05;1.44E-05;1.17E-05;1.43E-05;9.08E-06;1.79E-05;1.55E-05;0.026565046;0.051886567;0.027195705;0.027195705;217.16
683;23/09/2016;1.37E-05;1.36E-05;1.30E-05;1.25E-05;1.30E-05;1.19E-05;1.31E-05;1.10E-05;0.023665753;0.026786603;0.0225039;0.0225039;215.98
684;26/09/2016;1.97E-05;1.75E-05;1.96E-05;1.80E-05;1.80E-05;1.59E-05;1.92E-05;1.66E-05;0.036577327;0.030334178;0.031374112;0.031374112;214.21
685;27/09/2016;2.70E-05;2.45E-05;2.60E-05;2.26E-05;2.45E-05;2.17E-05;2.72E-05;2.72E-05;0.062851079;0.05040045;0.047197082;0.047197082;215.55
686;28/09/2016;2.81E-05;2.52E-05;2.49E-05;2.20E-05;2.33E-05;2.20E-05;2.22E-05;2.65E-05;0.063415607;0.05482047;0.04205778;0.04205778;216.68
687;29/09/2016;5.99E-05;5.19E-05;5.53E-05;5.01E-05;5.53E-05;5.88E-05;5.52E-05;7.23E-05;0.113601163;0.082002323;0.104683944;0.104683944;214.6863
688;30/09/2016;2.39E-05;2.36E-05;1.96E-05;1.64E-05;1.99E-05;1.76E-05;2.26E-05;2.47E-05;0.064329013;0.059109003;0.043518314;0.043518314;216.36
689;03/10/2016;2.75E-05;1.90E-05;2.57E-05;1.96E-05;2.65E-05;2.05E-05;2.35E-05;1.31E-05;0.052696025;0.026755886;0.052714964;0.052714964;215.69
690;04/10/2016;5.01E-05;4.85E-05;5.27E-05;3.89E-05;5.07E-05;3.04E-05;4.54E-05;4.40E-05;0.113340216;0.105049253;0.116819828;0.116819828;214.72
691;05/10/2016;1.41E-05;1.23E-05;1.30E-05;1.30E-05;1.37E-05;1.29E-05;1.08E-05;1.20E-05;0.028284142;0.021923639;0.026549388;0.026549388;215.66
692;06/10/2016;1.82E-05;1.76E-05;1.54E-05;1.57E-05;1.55E-05;1.16E-05;1.70E-05;1.38E-05;0.054594669;0.043378609;0.030209259;0.030209259;215.83
693;07/10/2016;3.44E-05;2.99E-05;3.34E-05;2.93E-05;3.14E-05;3.12E-05;2.69E-05;3.48E-05;0.082938037;0.058435276;0.066873387;0.066873387;215.05
694;10/10/2016;9.04E-06;5.27E-06;8.17E-06;4.92E-06;8.10E-06;5.02E-06;5.82E-06;5.97E-06;0.021547822;0.009759128;0.015668594;0.015668594;216.11
695;11/10/2016;3.31E-05;3.31E-05;3.03E-05;3.15E-05;2.82E-05;3.10E-05;3.33E-05;3.56E-05;0.065775148;0.053320327;0.048839227;0.048839227;213.45
696;12/10/2016;2.36E-05;2.04E-05;2.33E-05;2.10E-05;2.42E-05;2.18E-05;2.33E-05;2.25E-05;0.042495446;0.032613956;0.04631705;0.04631705;213.72
697;13/10/2016;3.48E-05;3.30E-05;3.37E-05;2.89E-05;3.49E-05;2.59E-05;3.25E-05;2.83E-05;0.06425679;0.064069941;0.062861916;0.062861916;213.04
698;14/10/2016;2.70E-05;2.49E-05;2.53E-05;2.23E-05;2.45E-05;2.41E-05;2.70E-05;2.81E-05;0.055278546;0.038916975;0.045232379;0.045232379;213.09
699;17/10/2016;2.19E-05;1.76E-05;1.98E-05;1.42E-05;1.87E-05;1.22E-05;2.28E-05;1.29E-05;0.047916297;0.038008071;0.038518925;0.038518925;212.4
700;18/10/2016;1.29E-05;1.25E-05;1.25E-05;1.25E-05;1.18E-05;1.14E-05;8.85E-06;1.12E-05;0.033375951;0.027971822;0.022863277;0.022863277;213.69
701;19/10/2016;7.95E-06;8.01E-06;7.35E-06;7.29E-06;7.28E-06;7.14E-06;7.15E-06;7.63E-06;0.01519492;0.014884963;0.013701482;0.013701482;214.25
702;20/10/2016;2.74E-05;3.32E-05;2.40E-05;3.43E-05;2.23E-05;2.85E-05;3.51E-05;3.64E-05;0.0688152;0.061028376;0.046898214;0.046898214;213.89
703;21/10/2016;1.36E-05;1.00E-05;1.20E-05;9.29E-06;1.18E-05;8.46E-06;1.26E-05;6.28E-06;0.03409292;0.020574345;0.024664982;0.024664982;213.935
704;24/10/2016;9.55E-06;7.77E-06;9.20E-06;7.44E-06;9.08E-06;7.91E-06;8.10E-06;5.16E-06;0.018543716;0.014940026;0.016811854;0.016811854;214.86
705;25/10/2016;1.21E-05;1.02E-05;1.20E-05;8.78E-06;1.11E-05;8.01E-06;1.25E-05;7.75E-06;0.023682904;0.023012958;0.018561457;0.018561457;214.18
706;26/10/2016;2.46E-05;2.04E-05;2.06E-05;1.61E-05;2.01E-05;1.47E-05;2.29E-05;1.75E-05;0.078663073;0.053065196;0.043136572;0.043136572;213.74
707;27/10/2016;2.37E-05;2.42E-05;2.20E-05;2.41E-05;2.24E-05;2.18E-05;1.87E-05;2.34E-05;0.04425543;0.04210529;0.045371236;0.045371236;213.18
708;28/10/2016;5.76E-05;6.70E-05;5.97E-05;7.07E-05;5.93E-05;7.51E-05;5.90E-05;6.34E-05;0.110615717;0.129922377;0.123072682;0.123072682;212.52
709;31/10/2016;1.97E-05;1.64E-05;2.07E-05;1.56E-05;1.98E-05;1.42E-05;1.40E-05;8.02E-06;0.038734137;0.039142954;0.043775108;0.043775108;212.5
710;01/11/2016;4.18E-05;3.72E-05;3.89E-05;3.61E-05;3.71E-05;3.35E-05;3.67E-05;3.31E-05;0.085396501;0.067449368;0.071576281;0.071576281;211
711;02/11/2016;4.89E-05;4.74E-05;4.54E-05;5.41E-05;4.45E-05;5.09E-05;4.26E-05;3.01E-05;0.10304549;0.090592477;0.088750581;0.088750581;209.7
712;03/11/2016;3.01E-05;1.90E-05;2.87E-05;1.68E-05;2.76E-05;1.94E-05;2.37E-05;1.34E-05;0.066122381;0.027754373;0.044630304;0.044630304;208.84
713;04/11/2016;3.27E-05;2.80E-05;3.14E-05;2.66E-05;3.21E-05;2.75E-05;3.20E-05;9.28E-06;0.063150817;0.058077075;0.059448258;0.059448258;208.52
714;07/11/2016;1.45E-05;1.59E-05;1.54E-05;9.41E-06;1.49E-05;7.90E-06;1.23E-05;1.80E-05;0.027911727;0.04581988;0.029859712;0.029859712;213.1
715;08/11/2016;2.51E-05;2.97E-05;2.43E-05;2.25E-05;2.43E-05;2.18E-05;2.74E-05;3.13E-05;0.04566543;0.054437211;0.044218895;0.044218895;214.07
716;09/11/2016;0.000129784;0.000145025;0.000133208;0.00012988;0.000143331;0.000109507;0.000144684;0.000167002;0.329248842;0.288091482;0.451987046;0.451987046;216.41
717;10/11/2016;0.000110605;0.000103118;0.000103844;9.15E-05;0.000103326;0.000112274;0.000102018;8.13E-05;0.219000966;0.210930884;0.204116812;0.204116812;216.87
718;11/11/2016;4.57E-05;3.27E-05;4.54E-05;3.54E-05;4.60E-05;3.57E-05;4.14E-05;2.62E-05;0.083797191;0.049065459;0.076662132;0.076662132;216.46
719;14/11/2016;4.26E-05;2.91E-05;4.24E-05;2.89E-05;4.36E-05;3.27E-05;4.05E-05;3.54E-05;0.074868832;0.046684538;0.070398259;0.070398259;216.55
720;15/11/2016;1.60E-05;1.20E-05;1.57E-05;1.18E-05;1.61E-05;1.16E-05;1.33E-05;1.14E-05;0.030103558;0.021029309;0.028120341;0.028120341;218.25
721;16/11/2016;1.43E-05;1.34E-05;1.29E-05;1.45E-05;1.18E-05;1.47E-05;1.22E-05;9.21E-06;0.03095919;0.022598382;0.01904828;0.01904828;217.93
722;17/11/2016;1.39E-05;7.98E-06;1.43E-05;7.39E-06;1.38E-05;7.39E-06;1.05E-05;8.17E-06;0.028992098;0.01275218;0.029974484;0.029974484;218.95
723;18/11/2016;1.15E-05;9.53E-06;1.04E-05;9.07E-06;9.65E-06;7.79E-06;9.24E-06;5.34E-06;0.03217313;0.02397414;0.019098517;0.019098517;218.52
724;21/11/2016;8.69E-06;6.62E-06;8.59E-06;6.25E-06;7.92E-06;6.71E-06;5.80E-06;6.54E-06;0.027009663;0.012041707;0.016390931;0.016390931;220.11
725;22/11/2016;1.01E-05;8.48E-06;9.62E-06;7.72E-06;8.91E-06;8.08E-06;7.56E-06;9.34E-06;0.031884975;0.016696421;0.022218998;0.022218998;220.53
726;23/11/2016;1.09E-05;8.48E-06;1.04E-05;8.01E-06;1.02E-05;7.35E-06;6.28E-06;4.86E-06;0.027840305;0.017003244;0.022687209;0.022687209;220.73
727;28/11/2016;1.16E-05;9.94E-06;1.19E-05;9.05E-06;1.08E-05;7.85E-06;1.15E-05;1.11E-05;0.025400022;0.018964723;0.020489741;0.020489741;220.54
728;29/11/2016;9.89E-06;1.01E-05;9.37E-06;1.09E-05;8.56E-06;1.08E-05;1.02E-05;1.42E-05;0.023535027;0.022515998;0.019508993;0.019508993;220.89
729;30/11/2016;1.68E-05;2.20E-05;1.50E-05;1.75E-05;1.47E-05;1.83E-05;1.63E-05;2.43E-05;0.036413138;0.048795394;0.027475987;0.027475987;220.33
730;01/12/2016;2.61E-05;2.42E-05;2.46E-05;2.35E-05;2.51E-05;2.38E-05;2.95E-05;1.39E-05;0.045986602;0.037830028;0.045757088;0.045757088;219.52
731;02/12/2016;1.51E-05;1.52E-05;1.32E-05;1.60E-05;1.39E-05;1.40E-05;1.26E-05;1.24E-05;0.032695878;0.03498864;0.028124612;0.028124612;219.66
732;05/12/2016;1.36E-05;9.38E-06;1.24E-05;9.64E-06;1.17E-05;9.65E-06;8.80E-06;1.11E-05;0.027579744;0.016338482;0.020100928;0.020100928;220.92
733;06/12/2016;9.69E-06;9.49E-06;8.77E-06;8.46E-06;8.56E-06;8.66E-06;8.95E-06;8.79E-06;0.020249759;0.022295628;0.01584803;0.01584803;221.69
734;07/12/2016;1.77E-05;2.22E-05;1.62E-05;1.82E-05;1.49E-05;1.86E-05;1.71E-05;2.54E-05;0.036905601;0.044981292;0.031306373;0.031306373;224.57
735;08/12/2016;2.08E-05;1.77E-05;2.03E-05;1.88E-05;1.92E-05;1.82E-05;1.99E-05;1.43E-05;0.038363787;0.029039375;0.033091786;0.033091786;225.14
736;09/12/2016;9.46E-06;8.72E-06;9.47E-06;8.95E-06;8.93E-06;1.01E-05;8.24E-06;8.09E-06;0.018086527;0.014613026;0.018629883;0.018629883;226.49
737;12/12/2016;1.41E-05;1.52E-05;1.39E-05;1.46E-05;1.46E-05;1.71E-05;1.10E-05;1.31E-05;0.026104358;0.025321024;0.027348356;0.027348356;226.22
738;13/12/2016;1.57E-05;1.49E-05;1.60E-05;1.41E-05;1.61E-05;1.33E-05;1.63E-05;1.66E-05;0.029517517;0.030574706;0.031431516;0.031431516;227.71
739;14/12/2016;5.41E-05;7.51E-05;5.56E-05;6.65E-05;5.60E-05;5.80E-05;7.90E-05;7.86E-05;0.142296262;0.189445054;0.156242099;0.156242099;225.92
740;15/12/2016;3.15E-05;2.78E-05;3.09E-05;2.79E-05;2.83E-05;3.52E-05;2.96E-05;2.76E-05;0.070196598;0.043930267;0.046898706;0.046898706;226.77
741;16/12/2016;1.81E-05;2.13E-05;1.60E-05;1.99E-05;1.64E-05;1.97E-05;2.19E-05;1.66E-05;0.036688419;0.036667767;0.034045146;0.034045146;225.07
742;19/12/2016;1.49E-05;9.96E-06;1.29E-05;1.07E-05;1.18E-05;1.11E-05;1.19E-05;1.31E-05;0.049759705;0.01729529;0.023133826;0.023133826;225.49
743;20/12/2016;8.23E-06;7.72E-06;8.13E-06;6.59E-06;8.12E-06;5.59E-06;6.27E-06;6.92E-06;0.020289066;0.015905986;0.01899302;0.01899302;226.37
744;21/12/2016;5.54E-06;4.49E-06;4.86E-06;4.55E-06;5.24E-06;4.75E-06;4.85E-06;3.16E-06;0.013131197;0.01000686;0.01255664;0.01255664;225.81
745;22/12/2016;8.96E-06;6.43E-06;7.35E-06;5.67E-06;7.02E-06;4.89E-06;8.26E-06;7.79E-06;0.025911917;0.013490811;0.013672615;0.013672615;225.43
746;23/12/2016;3.50E-06;2.79E-06;3.34E-06;3.35E-06;3.44E-06;3.19E-06;2.30E-06;1.44E-06;0.006864874;0.004843691;0.007143418;0.007143418;225.69
747;27/12/2016;4.59E-06;5.28E-06;4.25E-06;3.68E-06;4.42E-06;3.85E-06;5.18E-06;5.65E-06;0.011681266;0.016076985;0.014975221;0.014975221;226.24
748;28/12/2016;1.25E-05;1.36E-05;1.16E-05;1.29E-05;1.05E-05;1.46E-05;1.43E-05;2.08E-05;0.025417852;0.026845674;0.018897615;0.018897615;224.43
749;29/12/2016;1.03E-05;1.06E-05;1.06E-05;9.50E-06;1.01E-05;9.26E-06;1.05E-05;1.31E-05;0.018328907;0.021656759;0.018068445;0.018068445;224.37
750;30/12/2016;2.14E-05;2.72E-05;2.15E-05;1.80E-05;2.25E-05;1.40E-05;2.00E-05;3.30E-05;0.04791297;0.07533485;0.05850216;0.05850216;223.55
751;03/01/2017;2.60E-05;3.09E-05;2.19E-05;3.09E-05;2.05E-05;2.76E-05;2.86E-05;3.02E-05;0.066157265;0.066662677;0.03689217;0.03689217;225.19
752;04/01/2017;1.49E-05;1.40E-05;1.20E-05;1.01E-05;1.02E-05;9.61E-06;1.13E-05;8.24E-06;0.061444027;0.043670722;0.025452861;0.025452861;226.53
753;05/01/2017;1.33E-05;1.22E-05;1.25E-05;8.50E-06;1.34E-05;6.91E-06;1.26E-05;1.05E-05;0.026671412;0.030693858;0.028395031;0.028395031;226.36
754;06/01/2017;1.44E-05;1.45E-05;1.36E-05;1.20E-05;1.39E-05;9.94E-06;1.91E-05;1.78E-05;0.030424054;0.029990341;0.034162436;0.034162436;227.24
755;09/01/2017;1.07E-05;8.56E-06;1.01E-05;7.58E-06;1.04E-05;7.07E-06;1.02E-05;6.68E-06;0.023353594;0.019397567;0.022867879;0.022867879;226.49
756;10/01/2017;1.05E-05;1.30E-05;9.66E-06;1.05E-05;8.91E-06;1.04E-05;1.32E-05;1.30E-05;0.02868197;0.025646234;0.019171302;0.019171302;226.43
757;11/01/2017;4.03E-05;3.08E-05;3.80E-05;2.95E-05;3.30E-05;3.12E-05;3.70E-05;3.25E-05;0.091580022;0.056412837;0.069407368;0.069407368;227.06
758;12/01/2017;2.20E-05;2.23E-05;2.08E-05;2.14E-05;2.10E-05;1.89E-05;2.16E-05;2.35E-05;0.043357029;0.043471197;0.038485725;0.038485725;226.57
759;13/01/2017;1.19E-05;8.61E-06;1.05E-05;4.26E-06;1.01E-05;5.74E-06;9.54E-06;8.65E-06;0.025289211;0.024840195;0.018458501;0.018458501;227.03
760;17/01/2017;1.34E-05;9.07E-06;1.26E-05;7.94E-06;1.18E-05;7.86E-06;1.32E-05;9.98E-06;0.025738247;0.019076224;0.022277137;0.022277137;226.29
761;18/01/2017;1.30E-05;1.18E-05;1.18E-05;8.29E-06;1.29E-05;7.46E-06;1.45E-05;8.06E-06;0.028625361;0.029796624;0.034063433;0.034063433;226.74
762;19/01/2017;1.59E-05;1.56E-05;1.47E-05;1.26E-05;1.31E-05;9.18E-06;1.36E-05;1.36E-05;0.043329377;0.041931968;0.021817229;0.021817229;225.95
763;20/01/2017;2.67E-05;1.96E-05;2.59E-05;2.10E-05;2.39E-05;2.12E-05;2.58E-05;1.54E-05;0.070281658;0.033320816;0.051855535;0.051855535;226.7
764;23/01/2017;1.64E-05;1.99E-05;1.52E-05;1.88E-05;1.58E-05;1.84E-05;1.53E-05;1.67E-05;0.033166783;0.034398513;0.031494966;0.031494966;226.18
765;24/01/2017;8.84E-06;8.32E-06;8.13E-06;8.84E-06;8.68E-06;9.25E-06;7.82E-06;6.50E-06;0.016082798;0.012646736;0.014498176;0.014498176;227.58
766;25/01/2017;9.68E-06;9.28E-06;9.21E-06;9.18E-06;9.69E-06;1.07E-05;6.34E-06;4.58E-06;0.0201651;0.015037023;0.019567386;0.019567386;229.49
767;26/01/2017;1.08E-05;1.01E-05;1.02E-05;9.87E-06;1.01E-05;9.73E-06;1.07E-05;9.02E-06;0.020667717;0.01926746;0.018839538;0.018839538;229.3
768;27/01/2017;8.35E-06;6.31E-06;8.47E-06;5.91E-06;8.75E-06;6.57E-06;5.97E-06;2.47E-06;0.015939877;0.010706169;0.01638194;0.01638194;228.99
769;30/01/2017;1.79E-05;2.04E-05;1.49E-05;2.09E-05;1.55E-05;2.26E-05;1.92E-05;2.81E-05;0.043178726;0.036726673;0.031585608;0.031585608;227.62
770;31/01/2017;1.78E-05;1.80E-05;1.62E-05;1.60E-05;1.48E-05;1.78E-05;1.85E-05;1.21E-05;0.037192007;0.033489592;0.030071045;0.030071045;227.56
771;01/02/2017;2.27E-05;2.05E-05;2.21E-05;1.67E-05;2.25E-05;1.45E-05;2.25E-05;2.17E-05;0.051387802;0.043158039;0.045562697;0.045562697;227.64
772;02/02/2017;1.42E-05;1.61E-05;1.42E-05;1.21E-05;1.32E-05;1.25E-05;1.60E-05;1.87E-05;0.02828377;0.032246044;0.023864287;0.023864287;227.77
773;03/02/2017;1.09E-05;9.14E-06;1.01E-05;8.94E-06;1.05E-05;7.98E-06;8.56E-06;5.15E-06;0.023698666;0.01673259;0.020893184;0.020893184;229.37
774;06/02/2017;1.07E-05;6.99E-06;1.02E-05;6.33E-06;9.69E-06;6.35E-06;8.79E-06;5.11E-06;0.020454814;0.011665199;0.018412466;0.018412466;228.97
775;07/02/2017;1.02E-05;8.05E-06;9.98E-06;8.34E-06;1.00E-05;8.30E-06;7.98E-06;7.81E-06;0.018050532;0.013399607;0.017042433;0.017042433;228.97
776;08/02/2017;1.12E-05;1.19E-05;1.01E-05;9.73E-06;9.41E-06;9.22E-06;1.03E-05;7.35E-06;0.026213256;0.022983534;0.017533981;0.017533981;229.26
777;09/02/2017;8.19E-06;6.42E-06;6.53E-06;6.28E-06;6.31E-06;6.14E-06;6.62E-06;6.74E-06;0.016952536;0.010929858;0.010825498;0.010825498;230.57
778;10/02/2017;7.28E-06;5.13E-06;7.47E-06;4.53E-06;7.79E-06;4.45E-06;4.39E-06;5.36E-06;0.012882394;0.009285735;0.01413751;0.01413751;231.48
779;13/02/2017;6.12E-06;4.86E-06;5.88E-06;5.42E-06;6.24E-06;5.44E-06;4.89E-06;6.16E-06;0.010712104;0.007035385;0.012331566;0.012331566;232.73
780;14/02/2017;1.11E-05;1.14E-05;1.02E-05;9.11E-06;1.11E-05;7.74E-06;1.22E-05;8.34E-06;0.020296099;0.025139691;0.019839623;0.019839623;233.71
781;15/02/2017;9.18E-06;9.86E-06;9.04E-06;1.03E-05;8.30E-06;1.04E-05;9.12E-06;8.19E-06;0.018253832;0.015406544;0.015018514;0.015018514;234.87
782;16/02/2017;1.82E-05;2.50E-05;1.78E-05;2.83E-05;1.79E-05;2.98E-05;1.89E-05;1.97E-05;0.032241842;0.046861265;0.033706143;0.033706143;234.73
783;17/02/2017;1.05E-05;7.51E-06;1.03E-05;7.97E-06;1.03E-05;7.75E-06;8.72E-06;4.61E-06;0.024663728;0.015180599;0.020956226;0.020956226;235.06
784;21/02/2017;1.02E-05;1.17E-05;9.07E-06;8.82E-06;9.12E-06;6.99E-06;8.20E-06;1.26E-05;0.026250514;0.030314452;0.016492537;0.016492537;236.45
785;22/02/2017;9.20E-06;6.89E-06;8.79E-06;5.07E-06;9.36E-06;5.57E-06;8.28E-06;6.19E-06;0.019033839;0.013461122;0.01939381;0.01939381;236.3
786;23/02/2017;1.19E-05;1.14E-05;1.23E-05;8.39E-06;1.20E-05;9.30E-06;1.17E-05;1.18E-05;0.023657163;0.021665246;0.024721672;0.024721672;236.45
787;24/02/2017;1.19E-05;1.16E-05;1.09E-05;1.00E-05;1.10E-05;9.28E-06;1.04E-05;9.66E-06;0.023728579;0.019985994;0.02107965;0.02107965;236.78
788;27/02/2017;1.19E-05;8.65E-06;1.20E-05;1.00E-05;1.20E-05;9.98E-06;6.91E-06;5.83E-06;0.024923468;0.014734457;0.023900099;0.023900099;237.13
789;28/02/2017;8.49E-06;8.75E-06;7.34E-06;6.91E-06;7.15E-06;6.09E-06;9.12E-06;1.18E-05;0.017342485;0.017426013;0.013173645;0.013173645;236.51
790;01/03/2017;1.08E-05;1.39E-05;1.02E-05;1.28E-05;1.03E-05;1.17E-05;1.22E-05;1.38E-05;0.019591319;0.025994832;0.019100371;0.019100371;239.75
791;02/03/2017;1.24E-05;1.44E-05;1.19E-05;1.24E-05;1.07E-05;1.21E-05;1.42E-05;1.33E-05;0.030027289;0.025640464;0.019037442;0.019037442;238.33
792;03/03/2017;1.46E-05;1.10E-05;1.27E-05;1.12E-05;1.31E-05;1.12E-05;1.58E-05;1.11E-05;0.041810392;0.016629854;0.031458288;0.031458288;238.48
793;06/03/2017;9.96E-06;8.54E-06;1.05E-05;7.80E-06;1.12E-05;8.98E-06;8.18E-06;8.15E-06;0.017164761;0.014277921;0.021244017;0.021244017;237.76
794;07/03/2017;1.13E-05;9.68E-06;1.13E-05;8.81E-06;1.10E-05;7.55E-06;9.06E-06;1.16E-05;0.02173515;0.017303912;0.022481124;0.022481124;237.05
795;08/03/2017;1.40E-05;1.24E-05;1.41E-05;1.13E-05;1.44E-05;1.10E-05;1.63E-05;1.31E-05;0.027304306;0.022354194;0.02812783;0.02812783;236.59
796;09/03/2017;1.63E-05;1.33E-05;1.52E-05;1.29E-05;1.38E-05;1.40E-05;1.21E-05;1.21E-05;0.036814635;0.023430034;0.023575255;0.023575255;236.82
797;10/03/2017;1.59E-05;1.43E-05;1.55E-05;1.56E-05;1.53E-05;1.57E-05;1.69E-05;1.51E-05;0.029378372;0.022407284;0.02845387;0.02845387;237.64
798;13/03/2017;7.74E-06;5.55E-06;7.48E-06;4.95E-06;7.24E-06;5.17E-06;6.04E-06;4.25E-06;0.017302344;0.010172784;0.013003416;0.013003416;237.76
799;14/03/2017;1.35E-05;1.41E-05;1.32E-05;1.14E-05;1.30E-05;9.30E-06;1.48E-05;1.12E-05;0.026125482;0.031971833;0.024085569;0.024085569;236.93
800;15/03/2017;1.98E-05;2.21E-05;1.36E-05;1.63E-05;1.25E-05;1.24E-05;1.88E-05;1.93E-05;0.106840095;0.081803617;0.026529134;0.026529134;238.89
801;16/03/2017;1.39E-05;1.11E-05;1.16E-05;1.15E-05;1.22E-05;9.35E-06;1.21E-05;1.02E-05;0.02835001;0.024151356;0.025990838;0.025990838;238.52
802;17/03/2017;8.08E-06;7.79E-06;7.65E-06;4.87E-06;7.44E-06;4.86E-06;6.78E-06;6.70E-06;0.016133729;0.016880417;0.014977288;0.014977288;237.08
803;20/03/2017;9.94E-06;1.08E-05;8.82E-06;9.55E-06;9.20E-06;9.56E-06;9.63E-06;1.18E-05;0.021595491;0.019980007;0.0185487;0.0185487;236.74
804;21/03/2017;4.77E-05;4.09E-05;4.83E-05;3.55E-05;4.93E-05;3.88E-05;4.17E-05;4.72E-05;0.074134402;0.070960673;0.078170602;0.078170602;233.78
805;22/03/2017;3.30E-05;3.10E-05;3.22E-05;2.76E-05;2.85E-05;2.38E-05;3.67E-05;2.98E-05;0.072306136;0.061563202;0.044829505;0.044829505;234.27
806;23/03/2017;2.95E-05;2.83E-05;2.77E-05;3.05E-05;2.67E-05;2.97E-05;2.79E-05;2.04E-05;0.06338671;0.051394494;0.051988681;0.051988681;234.01
807;24/03/2017;3.40E-05;2.81E-05;2.99E-05;2.38E-05;2.84E-05;2.63E-05;3.12E-05;3.18E-05;0.097027648;0.064054501;0.076018921;0.076018921;233.9
808;27/03/2017;2.73E-05;2.25E-05;2.69E-05;2.06E-05;2.81E-05;2.32E-05;2.70E-05;2.26E-05;0.054793446;0.036154147;0.061534066;0.061534066;233.58
809;28/03/2017;2.31E-05;2.39E-05;1.69E-05;1.50E-05;1.74E-05;1.38E-05;2.47E-05;2.54E-05;0.063914028;0.063583116;0.031478134;0.031478134;235.27
810;29/03/2017;1.43E-05;1.16E-05;1.34E-05;9.74E-06;1.23E-05;7.80E-06;1.39E-05;7.59E-06;0.029619067;0.024405622;0.023019529;0.023019529;235.59
811;30/03/2017;1.31E-05;9.60E-06;1.30E-05;9.62E-06;1.20E-05;9.57E-06;9.91E-06;1.00E-05;0.027512918;0.017200701;0.022126691;0.022126691;236.27
812;31/03/2017;1.20E-05;1.25E-05;1.07E-05;8.48E-06;1.05E-05;9.42E-06;1.17E-05;9.68E-06;0.026327796;0.022968281;0.019007277;0.019007277;235.71
813;03/04/2017;2.48E-05;2.35E-05;2.29E-05;1.84E-05;2.03E-05;1.81E-05;2.59E-05;2.45E-05;0.050246161;0.044559146;0.033940078;0.033940078;235.37
814;04/04/2017;1.58E-05;1.35E-05;1.66E-05;1.29E-05;1.57E-05;1.14E-05;1.28E-05;1.05E-05;0.029861202;0.024439703;0.029614933;0.029614933;235.51
815;05/04/2017;2.78E-05;4.12E-05;2.83E-05;3.64E-05;2.59E-05;4.42E-05;3.47E-05;2.30E-05;0.063698293;0.08422483;0.047864096;0.047864096;234.77
816;06/04/2017;2.55E-05;2.58E-05;2.52E-05;2.50E-05;2.45E-05;1.99E-05;2.65E-05;1.90E-05;0.05523055;0.062247197;0.048240989;0.048240989;235.39
817;07/04/2017;2.38E-05;2.14E-05;2.40E-05;1.78E-05;2.30E-05;1.42E-05;2.12E-05;1.83E-05;0.058452251;0.058676164;0.061903643;0.061903643;235.17
818;10/04/2017;1.93E-05;2.29E-05;1.88E-05;1.99E-05;1.78E-05;1.44E-05;2.33E-05;2.80E-05;0.040324533;0.050306065;0.033732683;0.033732683;235.32
819;11/04/2017;3.80E-05;3.23E-05;3.55E-05;3.26E-05;3.74E-05;2.99E-05;3.44E-05;2.93E-05;0.070611071;0.058684676;0.070893399;0.070893399;235.04
820;12/04/2017;2.90E-05;2.36E-05;2.87E-05;2.26E-05;2.85E-05;1.92E-05;2.13E-05;1.33E-05;0.060862347;0.042630573;0.052766581;0.052766581;234.1
821;13/04/2017;2.31E-05;2.56E-05;2.46E-05;2.46E-05;2.42E-05;2.52E-05;2.19E-05;2.49E-05;0.044596003;0.045849824;0.046932666;0.046932666;232.54
822;17/04/2017;1.19E-05;1.15E-05;1.06E-05;1.25E-05;1.01E-05;1.27E-05;8.93E-06;1.00E-05;0.021192654;0.018450009;0.016022448;0.016022448;234.57
823;18/04/2017;1.73E-05;1.96E-05;1.66E-05;1.87E-05;1.65E-05;1.81E-05;1.96E-05;1.39E-05;0.032242162;0.033707405;0.032801673;0.032801673;233.86
824;19/04/2017;1.66E-05;1.20E-05;1.53E-05;1.26E-05;1.52E-05;1.21E-05;1.49E-05;1.43E-05;0.030536788;0.018633242;0.02773031;0.02773031;233.47
825;20/04/2017;1.45E-05;1.14E-05;1.29E-05;1.08E-05;1.10E-05;1.16E-05;1.32E-05;1.36E-05;0.031604014;0.017499146;0.018949935;0.018949935;235.3
826;21/04/2017;1.59E-05;1.52E-05;1.12E-05;1.43E-05;1.01E-05;1.19E-05;1.49E-05;1.63E-05;0.056951879;0.029413051;0.017500749;0.017500749;234.59
827;24/04/2017;1.22E-05;7.65E-06;1.15E-05;6.85E-06;1.04E-05;7.12E-06;7.80E-06;6.79E-06;0.027745576;0.014434675;0.019342592;0.019342592;237.12
828;25/04/2017;8.25E-06;7.14E-06;6.54E-06;7.13E-06;6.81E-06;6.32E-06;7.89E-06;9.36E-06;0.018332425;0.01402415;0.012866055;0.012866055;238.53
829;26/04/2017;2.18E-05;2.43E-05;2.15E-05;2.53E-05;2.03E-05;2.15E-05;1.98E-05;1.96E-05;0.063138768;0.049388711;0.047458308;0.047458308;238.44
830;27/04/2017;1.12E-05;1.26E-05;1.07E-05;9.58E-06;1.04E-05;7.97E-06;9.69E-06;1.13E-05;0.025351833;0.028184847;0.022725811;0.022725811;238.61
831;28/04/2017;8.39E-06;8.11E-06;7.31E-06;8.35E-06;7.10E-06;7.78E-06;6.97E-06;5.61E-06;0.016166246;0.013227452;0.011981579;0.011981579;238.1
832;01/05/2017;1.01E-05;8.53E-06;8.44E-06;8.25E-06;7.84E-06;7.55E-06;8.90E-06;7.86E-06;0.039836211;0.013534197;0.015298345;0.015298345;238.65
833;02/05/2017;8.10E-06;5.63E-06;6.88E-06;5.69E-06;5.98E-06;6.43E-06;5.31E-06;5.98E-06;0.02178078;0.01050483;0.011898925;0.011898925;238.79
834;03/05/2017;9.57E-06;8.38E-06;9.59E-06;7.45E-06;9.43E-06;6.34E-06;1.03E-05;9.24E-06;0.01935578;0.015638512;0.022798551;0.022798551;238.52
835;04/05/2017;1.56E-05;1.42E-05;1.36E-05;1.42E-05;1.19E-05;1.64E-05;1.48E-05;1.76E-05;0.036202941;0.02356677;0.021079926;0.021079926;238.75
836;05/05/2017;7.95E-06;5.82E-06;6.69E-06;4.75E-06;6.28E-06;4.25E-06;6.98E-06;6.35E-06;0.019762435;0.010664215;0.011020875;0.011020875;239.72
837;08/05/2017;5.57E-06;7.01E-06;5.47E-06;5.81E-06;5.27E-06;5.00E-06;5.76E-06;4.60E-06;0.014867162;0.018881;0.012469955;0.012469955;239.67
838;09/05/2017;7.77E-06;6.58E-06;6.98E-06;6.15E-06;6.92E-06;6.14E-06;7.67E-06;9.56E-06;0.019150554;0.012838719;0.01266249;0.01266249;239.46
839;10/05/2017;6.27E-06;3.99E-06;6.23E-06;3.94E-06;6.11E-06;3.94E-06;4.57E-06;3.20E-06;0.012467021;0.00734921;0.012581041;0.012581041;239.85
840;11/05/2017;1.41E-05;1.11E-05;1.29E-05;1.09E-05;1.24E-05;8.62E-06;1.45E-05;1.61E-05;0.033186707;0.021202976;0.029945928;0.029945928;239.41
841;12/05/2017;7.38E-06;4.76E-06;6.53E-06;4.16E-06;6.32E-06;4.18E-06;5.89E-06;4.01E-06;0.016934285;0.00903194;0.014271918;0.014271918;239.03
842;15/05/2017;4.93E-06;5.11E-06;4.33E-06;3.61E-06;4.47E-06;4.24E-06;5.12E-06;6.94E-06;0.011591718;0.012130879;0.008903926;0.008903926;240.245
843;16/05/2017;7.37E-06;8.34E-06;7.02E-06;8.21E-06;7.02E-06;7.41E-06;8.06E-06;7.49E-06;0.015064784;0.015982025;0.014954683;0.014954683;240.1
844;17/05/2017;3.30E-05;3.47E-05;3.33E-05;3.75E-05;3.46E-05;3.62E-05;3.47E-05;4.17E-05;0.056222907;0.05311414;0.061434185;0.061434185;235.85
845;18/05/2017;4.05E-05;4.41E-05;3.44E-05;3.92E-05;3.62E-05;3.63E-05;4.44E-05;3.55E-05;0.087404224;0.08765577;0.081321853;0.081321853;236.74
846;19/05/2017;1.55E-05;1.34E-05;1.41E-05;1.04E-05;1.27E-05;1.06E-05;1.37E-05;1.25E-05;0.042043168;0.034727168;0.034938847;0.034938847;238.3
847;22/05/2017;7.14E-06;6.51E-06;6.58E-06;6.42E-06;6.15E-06;6.46E-06;6.32E-06;6.21E-06;0.015176862;0.011834778;0.011556267;0.011556267;239.53
848;23/05/2017;7.51E-06;5.46E-06;6.99E-06;4.81E-06;7.28E-06;4.57E-06;4.93E-06;5.68E-06;0.017361633;0.010466055;0.01563876;0.01563876;240.02
849;24/05/2017;6.95E-06;5.15E-06;6.64E-06;5.81E-06;6.76E-06;6.30E-06;6.07E-06;5.20E-06;0.013391892;0.009876916;0.013913429;0.013913429;240.59
850;25/05/2017;9.35E-06;9.08E-06;7.60E-06;8.38E-06;6.98E-06;7.40E-06;1.02E-05;9.02E-06;0.024413427;0.016851241;0.013371542;0.013371542;241.71
851;26/05/2017;5.16E-06;3.72E-06;4.83E-06;4.13E-06;5.39E-06;4.25E-06;3.07E-06;3.17E-06;0.01123162;0.006102609;0.01349267;0.01349267;241.74
852;30/05/2017;6.31E-06;4.39E-06;4.77E-06;4.04E-06;4.37E-06;3.50E-06;4.25E-06;4.24E-06;0.019829313;0.009900024;0.008011369;0.008011369;241.52
853;31/05/2017;1.53E-05;1.47E-05;1.22E-05;1.39E-05;1.14E-05;1.41E-05;1.48E-05;1.79E-05;0.037416295;0.028368066;0.023321857;0.023321857;241.42
854;01/06/2017;8.58E-06;8.29E-06;7.60E-06;7.27E-06;7.24E-06;6.89E-06;6.88E-06;7.19E-06;0.017799071;0.016711074;0.01281294;0.01281294;243.32
855;02/06/2017;9.45E-06;7.50E-06;9.39E-06;5.97E-06;9.51E-06;6.50E-06;7.13E-06;6.54E-06;0.021717452;0.01342822;0.022874211;0.022874211;244.13
856;05/06/2017;5.22E-06;3.80E-06;5.20E-06;3.63E-06;5.13E-06;3.37E-06;3.55E-06;4.83E-06;0.010298624;0.006651157;0.010420393;0.010420393;243.965
857;06/06/2017;8.23E-06;7.09E-06;6.65E-06;6.30E-06;6.16E-06;5.34E-06;7.68E-06;7.97E-06;0.018918644;0.014505441;0.01280328;0.01280328;243.25
858;07/06/2017;1.13E-05;8.69E-06;1.05E-05;7.45E-06;9.35E-06;6.99E-06;9.77E-06;9.51E-06;0.025494845;0.016008764;0.017471029;0.017471029;243.65
859;08/06/2017;1.61E-05;1.22E-05;1.52E-05;1.33E-05;1.37E-05;1.25E-05;1.35E-05;1.22E-05;0.033294483;0.019453772;0.026497136;0.026497136;243.76
860;09/06/2017;3.13E-05;3.47E-05;3.05E-05;3.67E-05;2.91E-05;3.67E-05;3.50E-05;3.99E-05;0.082853957;0.078759752;0.056931783;0.056931783;243.45
861;12/06/2017;1.80E-05;1.83E-05;1.71E-05;1.76E-05;1.70E-05;1.80E-05;2.02E-05;1.93E-05;0.032834639;0.027933058;0.031831985;0.031831985;243.34
862;13/06/2017;9.74E-06;7.89E-06;8.39E-06;6.73E-06;8.71E-06;6.04E-06;7.89E-06;7.17E-06;0.023498007;0.01419649;0.016815475;0.016815475;244.52
863;14/06/2017;2.26E-05;1.96E-05;2.09E-05;1.81E-05;2.06E-05;1.97E-05;2.10E-05;2.25E-05;0.048196195;0.044399978;0.041862119;0.041862119;244.26
864;15/06/2017;1.72E-05;1.84E-05;1.65E-05;1.61E-05;1.62E-05;1.74E-05;1.79E-05;1.78E-05;0.032089286;0.033486103;0.029153127;0.029153127;243.79
865;16/06/2017;1.37E-05;1.42E-05;1.19E-05;1.35E-05;1.15E-05;1.37E-05;1.40E-05;1.32E-05;0.048383864;0.030103473;0.030469279;0.030469279;242.63
866;19/06/2017;6.34E-06;6.54E-06;6.11E-06;3.76E-06;6.00E-06;2.70E-06;6.83E-06;5.80E-06;0.014589452;0.020532991;0.01359144;0.01359144;244.64
867;20/06/2017;1.00E-05;9.23E-06;9.34E-06;9.10E-06;9.24E-06;1.02E-05;9.82E-06;8.02E-06;0.018085464;0.014263341;0.016465869;0.016465869;243.04
868;21/06/2017;1.23E-05;1.34E-05;1.08E-05;1.16E-05;1.05E-05;1.16E-05;1.24E-05;1.31E-05;0.023421569;0.023826659;0.019793039;0.019793039;242.95
869;22/06/2017;9.17E-06;7.78E-06;8.25E-06;7.68E-06;7.98E-06;7.97E-06;7.90E-06;8.94E-06;0.018996805;0.014067443;0.015778016;0.015778016;242.83
870;23/06/2017;7.21E-06;8.64E-06;6.09E-06;7.87E-06;6.35E-06;7.54E-06;7.36E-06;7.17E-06;0.014877915;0.017363578;0.012671002;0.012671002;243.16
871;26/06/2017;1.31E-05;1.27E-05;1.23E-05;1.19E-05;1.12E-05;9.63E-06;1.48E-05;1.56E-05;0.028408699;0.027742679;0.020643494;0.020643494;243.27
872;27/06/2017;1.88E-05;2.16E-05;1.91E-05;1.80E-05;1.86E-05;1.55E-05;2.16E-05;2.18E-05;0.042481706;0.047145195;0.040843208;0.040843208;241.36
873;28/06/2017;1.04E-05;1.57E-05;9.51E-06;1.71E-05;9.23E-06;1.61E-05;1.03E-05;4.08E-06;0.023117225;0.032439383;0.019470011;0.019470011;243.46
874;29/06/2017;4.91E-05;4.82E-05;4.95E-05;4.26E-05;4.93E-05;4.57E-05;4.82E-05;3.52E-05;0.082022371;0.094147145;0.098523897;0.098523897;241.39
875;30/06/2017;1.50E-05;2.05E-05;1.35E-05;1.79E-05;1.33E-05;1.68E-05;1.45E-05;2.13E-05;0.036295884;0.057066232;0.025146232;0.025146232;241.77
876;05/07/2017;1.43E-05;1.23E-05;1.51E-05;1.15E-05;1.49E-05;1.12E-05;1.40E-05;9.73E-06;0.027451664;0.025415683;0.031987956;0.031987956;242.77
877;06/07/2017;2.04E-05;2.08E-05;1.93E-05;1.67E-05;1.94E-05;1.62E-05;1.90E-05;1.93E-05;0.040007819;0.036500544;0.034520846;0.034520846;240.58
878;07/07/2017;1.01E-05;8.16E-06;1.02E-05;8.14E-06;1.01E-05;8.31E-06;8.90E-06;7.04E-06;0.021660812;0.015982429;0.021829064;0.021829064;242.1
879;10/07/2017;7.50E-06;6.92E-06;7.47E-06;5.07E-06;7.87E-06;5.35E-06;6.92E-06;7.28E-06;0.016901994;0.017544548;0.019631625;0.019631625;242.36
880;11/07/2017;1.54E-05;2.03E-05;1.49E-05;1.45E-05;1.52E-05;1.33E-05;1.98E-05;2.35E-05;0.043869366;0.056895497;0.046489435;0.046489435;242.16
881;12/07/2017;1.07E-05;8.44E-06;8.62E-06;7.37E-06;9.26E-06;6.21E-06;8.26E-06;6.16E-06;0.026161927;0.022090729;0.02107881;0.02107881;243.98
882;13/07/2017;7.12E-06;5.28E-06;6.39E-06;5.83E-06;6.92E-06;5.93E-06;6.47E-06;3.90E-06;0.015789971;0.008621901;0.016335107;0.016335107;244.41
883;14/07/2017;5.53E-06;4.97E-06;4.16E-06;4.72E-06;4.26E-06;3.77E-06;4.27E-06;6.60E-06;0.014994119;0.009982863;0.01331977;0.01331977;245.54
884;17/07/2017;6.17E-06;3.22E-06;6.26E-06;2.96E-06;6.11E-06;2.60E-06;3.98E-06;2.55E-06;0.014419243;0.007196996;0.016629012;0.016629012;245.51
885;18/07/2017;7.37E-06;7.25E-06;6.72E-06;7.34E-06;6.45E-06;7.97E-06;7.45E-06;9.01E-06;0.015739551;0.015990522;0.01396423;0.01396423;245.69
886;19/07/2017;4.24E-06;3.77E-06;4.15E-06;3.53E-06;3.90E-06;3.53E-06;3.89E-06;3.85E-06;0.009585984;0.007926721;0.008543794;0.008543794;246.99
887;20/07/2017;1.07E-05;8.83E-06;9.94E-06;8.36E-06;9.61E-06;9.11E-06;1.12E-05;9.08E-06;0.027317245;0.017291331;0.024693002;0.024693002;247.07
888;21/07/2017;7.31E-06;4.76E-06;7.16E-06;5.70E-06;7.04E-06;5.77E-06;6.27E-06;4.74E-06;0.01611504;0.008143266;0.015689852;0.015689852;246.89
889;24/07/2017;3.81E-06;3.52E-06;3.50E-06;2.89E-06;3.38E-06;2.43E-06;2.88E-06;3.08E-06;0.00839904;0.009044906;0.006106954;0.006106954;246.81
890;25/07/2017;5.10E-06;4.75E-06;4.57E-06;4.28E-06;4.20E-06;4.77E-06;5.05E-06;5.28E-06;0.012615319;0.010235222;0.007681706;0.007681706;247.39
891;26/07/2017;6.58E-06;6.50E-06;5.12E-06;5.90E-06;5.10E-06;5.41E-06;4.43E-06;4.48E-06;0.018925708;0.014107131;0.009637445;0.009637445;247.45
892;27/07/2017;2.38E-05;2.57E-05;2.16E-05;2.45E-05;2.15E-05;2.28E-05;2.31E-05;2.93E-05;0.05152968;0.050780083;0.046848806;0.046848806;247.22
893;28/07/2017;1.12E-05;8.96E-06;1.00E-05;8.94E-06;9.29E-06;1.06E-05;8.16E-06;5.37E-06;0.03370191;0.019751787;0.022899095;0.022899095;246.9
894;31/07/2017;6.97E-06;7.05E-06;7.04E-06;7.29E-06;6.86E-06;6.03E-06;7.32E-06;1.03E-05;0.013511349;0.013623502;0.01313537;0.01313537;246.74
895;01/08/2017;6.27E-06;7.31E-06;5.55E-06;6.22E-06;5.79E-06;5.20E-06;5.38E-06;8.73E-06;0.014882494;0.017576862;0.015917429;0.015917429;247.309
896;02/08/2017;9.60E-06;1.18E-05;9.56E-06;1.12E-05;9.25E-06;1.11E-05;9.47E-06;1.50E-05;0.020161704;0.028601107;0.019475479;0.019475479;247.44
897;03/08/2017;7.31E-06;6.67E-06;7.35E-06;3.97E-06;7.20E-06;3.85E-06;7.64E-06;6.27E-06;0.01876301;0.019504611;0.022757168;0.022757168;246.98
898;04/08/2017;8.86E-06;7.88E-06;6.73E-06;7.63E-06;6.25E-06;6.50E-06;7.00E-06;8.54E-06;0.044818879;0.018021513;0.011769326;0.011769326;247.4
899;07/08/2017;2.33E-06;2.12E-06;2.24E-06;1.91E-06;2.41E-06;2.17E-06;1.55E-06;8.63E-07;0.005795253;0.004572439;0.006810544;0.006810544;247.85
900;08/08/2017;1.14E-05;1.09E-05;1.13E-05;8.82E-06;1.05E-05;7.95E-06;1.31E-05;1.21E-05;0.028297034;0.020326744;0.026962888;0.026962888;247.291
901;09/08/2017;1.73E-05;1.79E-05;1.62E-05;1.72E-05;1.55E-05;1.76E-05;1.92E-05;1.03E-05;0.038583255;0.032340199;0.03234877;0.03234877;247.23
902;10/08/2017;3.22E-05;3.11E-05;3.33E-05;3.22E-05;3.44E-05;3.19E-05;3.24E-05;3.04E-05;0.051838714;0.047770413;0.05654776;0.05654776;243.79
903;11/08/2017;1.74E-05;1.87E-05;1.71E-05;1.64E-05;1.71E-05;1.85E-05;2.06E-05;1.06E-05;0.031778334;0.03589484;0.032783255;0.032783255;244.11
904;14/08/2017;7.81E-06;8.16E-06;7.44E-06;7.63E-06;7.48E-06;6.47E-06;8.20E-06;9.87E-06;0.015087931;0.017416731;0.016249685;0.016249685;246.52
905;15/08/2017;1.01E-05;8.52E-06;9.23E-06;9.00E-06;8.95E-06;7.67E-06;9.07E-06;9.73E-06;0.021089481;0.0155079;0.017860625;0.017860625;246.53
906;16/08/2017;1.33E-05;8.72E-06;1.05E-05;7.66E-06;1.04E-05;7.11E-06;9.98E-06;9.15E-06;0.039127909;0.020964964;0.022825485;0.022825485;246.92
907;17/08/2017;3.81E-05;3.43E-05;3.87E-05;3.32E-05;4.03E-05;3.15E-05;2.73E-05;3.12E-05;0.070303528;0.050838685;0.065134988;0.065134988;243.13
908;18/08/2017;3.26E-05;3.00E-05;3.18E-05;2.43E-05;3.10E-05;2.60E-05;3.48E-05;3.37E-05;0.060862763;0.057168821;0.050801586;0.050801586;242.69
909;21/08/2017;1.80E-05;1.53E-05;1.60E-05;1.46E-05;1.50E-05;1.62E-05;1.85E-05;1.42E-05;0.037261202;0.026193011;0.028918151;0.028918151;242.93
910;22/08/2017;8.77E-06;1.02E-05;8.13E-06;9.84E-06;7.50E-06;1.17E-05;8.74E-06;1.44E-05;0.017774276;0.028197891;0.016496962;0.016496962;245.39
911;23/08/2017;1.14E-05;1.10E-05;1.05E-05;1.15E-05;1.12E-05;1.16E-05;1.30E-05;7.11E-06;0.022774845;0.018240736;0.023588629;0.023588629;244.538
912;24/08/2017;1.87E-05;1.72E-05;1.55E-05;1.71E-05;1.46E-05;1.92E-05;2.05E-05;2.28E-05;0.041434104;0.028410897;0.027171175;0.027171175;244.03
913;25/08/2017;1.34E-05;1.11E-05;1.26E-05;8.70E-06;1.30E-05;7.81E-06;1.33E-05;1.07E-05;0.028495553;0.025549713;0.025784319;0.025784319;244.54
914;28/08/2017;8.41E-06;8.25E-06;7.78E-06;7.04E-06;7.23E-06;6.01E-06;7.86E-06;8.02E-06;0.017128599;0.017890297;0.013039974;0.013039974;244.59
915;29/08/2017;1.68E-05;1.23E-05;1.61E-05;8.19E-06;1.59E-05;8.23E-06;1.28E-05;9.14E-06;0.043964919;0.029382849;0.038073659;0.038073659;244.85
916;30/08/2017;8.21E-06;8.29E-06;7.99E-06;7.84E-06;7.61E-06;6.19E-06;8.08E-06;8.31E-06;0.01846493;0.016947128;0.015752444;0.015752444;246.04
917;31/08/2017;9.71E-06;7.17E-06;8.91E-06;7.01E-06;7.97E-06;6.98E-06;8.09E-06;8.25E-06;0.024979849;0.01287135;0.020453509;0.020453509;247.42
918;01/09/2017;5.32E-06;5.78E-06;4.99E-06;4.71E-06;4.94E-06;3.59E-06;3.99E-06;3.41E-06;0.011502694;0.01472916;0.010187944;0.010187944;247.88
919;05/09/2017;2.86E-05;3.69E-05;2.94E-05;2.89E-05;2.94E-05;2.89E-05;3.19E-05;3.62E-05;0.050139542;0.066895117;0.056054326;0.056054326;246.1
920;06/09/2017;1.27E-05;7.66E-06;1.19E-05;6.36E-06;1.26E-05;5.92E-06;1.10E-05;7.94E-06;0.033900681;0.016223649;0.033616768;0.033616768;246.91
921;07/09/2017;1.24E-05;1.20E-05;1.09E-05;9.49E-06;9.82E-06;7.87E-06;1.11E-05;1.06E-05;0.029263258;0.026965926;0.017863633;0.017863633;246.89
922;08/09/2017;7.77E-06;6.79E-06;7.98E-06;7.32E-06;8.08E-06;7.60E-06;7.48E-06;7.28E-06;0.013631441;0.012193287;0.014105008;0.014105008;246.55
923;11/09/2017;4.87E-06;5.97E-06;4.67E-06;4.97E-06;4.82E-06;4.48E-06;5.72E-06;5.90E-06;0.009185649;0.013798826;0.009170287;0.009170287;249.17
924;12/09/2017;6.29E-06;4.24E-06;5.75E-06;3.60E-06;5.28E-06;3.84E-06;5.92E-06;4.33E-06;0.017432367;0.007934124;0.010732636;0.010732636;250.07
925;13/09/2017;4.24E-06;3.89E-06;3.96E-06;3.19E-06;4.18E-06;3.33E-06;4.26E-06;3.08E-06;0.009409826;0.007222407;0.009322496;0.009322496;250.1801
926;14/09/2017;4.59E-06;3.50E-06;4.01E-06;3.28E-06;4.45E-06;3.70E-06;3.66E-06;3.62E-06;0.009913519;0.006274132;0.008340549;0.008340549;250.1
927;15/09/2017;3.75E-06;3.72E-06;3.52E-06;3.62E-06;3.35E-06;3.52E-06;3.58E-06;2.87E-06;0.008762185;0.008061447;0.006992157;0.006992157;249.24
928;18/09/2017;4.94E-06;5.07E-06;5.04E-06;3.85E-06;5.07E-06;3.35E-06;4.72E-06;6.06E-06;0.009613376;0.013684221;0.010388399;0.010388399;249.69
929;19/09/2017;4.77E-06;4.37E-06;4.56E-06;3.56E-06;4.52E-06;3.28E-06;3.76E-06;3.37E-06;0.011654964;0.009376106;0.009972774;0.009972774;249.97
930;20/09/2017;1.36E-05;9.52E-06;1.42E-05;7.59E-06;1.31E-05;6.28E-06;1.27E-05;1.13E-05;0.039530758;0.024013897;0.039415602;0.039415602;250.09
931;21/09/2017;6.65E-06;7.87E-06;7.16E-06;7.94E-06;7.00E-06;7.67E-06;7.67E-06;7.56E-06;0.012597607;0.015118712;0.014308883;0.014308883;249.4
932;22/09/2017;4.75E-06;3.34E-06;4.04E-06;3.38E-06;4.22E-06;2.90E-06;3.16E-06;2.58E-06;0.013258755;0.006601747;0.011232308;0.011232308;249.42
933;25/09/2017;1.54E-05;1.51E-05;1.42E-05;1.40E-05;1.46E-05;1.27E-05;1.24E-05;1.51E-05;0.034304874;0.035522978;0.029601849;0.029601849;248.94
934;26/09/2017;8.87E-06;6.27E-06;8.99E-06;6.06E-06;8.97E-06;6.26E-06;7.23E-06;4.69E-06;0.015808213;0.011084266;0.017169716;0.017169716;249.05
935;27/09/2017;9.21E-06;8.80E-06;7.70E-06;9.23E-06;7.67E-06;9.02E-06;8.64E-06;1.13E-05;0.021796542;0.014364453;0.01531535;0.01531535;250.02
936;28/09/2017;7.11E-06;4.74E-06;7.07E-06;4.54E-06;6.93E-06;3.93E-06;5.57E-06;4.17E-06;0.016141755;0.008276646;0.016428494;0.016428494;250.34
937;29/09/2017;5.72E-06;5.16E-06;5.52E-06;4.65E-06;5.20E-06;4.21E-06;4.35E-06;3.91E-06;0.016028657;0.010364473;0.014562818;0.014562818;251.2
938;02/10/2017;5.80E-06;5.66E-06;5.40E-06;4.87E-06;5.26E-06;4.75E-06;4.48E-06;3.61E-06;0.010757941;0.009874375;0.008906963;0.008906963;252.29
939;03/10/2017;3.40E-06;3.80E-06;3.26E-06;4.09E-06;3.22E-06;3.88E-06;2.65E-06;2.10E-06;0.006942359;0.009115466;0.006697492;0.006697492;252.85
940;04/10/2017;5.06E-06;4.92E-06;4.96E-06;4.44E-06;4.65E-06;4.27E-06;4.41E-06;4.31E-06;0.010829977;0.009792516;0.010201143;0.010201143;253.16
941;05/10/2017;4.65E-06;4.08E-06;4.06E-06;4.13E-06;4.41E-06;4.26E-06;3.62E-06;3.62E-06;0.008914213;0.006299718;0.009748695;0.009748695;254.64
942;06/10/2017;6.51E-06;4.75E-06;6.28E-06;4.68E-06;6.35E-06;4.62E-06;4.37E-06;4.39E-06;0.014262776;0.008340264;0.015687235;0.015687235;254.4
943;09/10/2017;4.09E-06;4.45E-06;3.92E-06;4.68E-06;3.74E-06;4.13E-06;3.81E-06;5.44E-06;0.00947143;0.009657327;0.007660741;0.007660741;253.96
944;10/10/2017;8.09E-06;7.40E-06;7.78E-06;7.01E-06;7.54E-06;7.58E-06;7.99E-06;5.66E-06;0.017723275;0.013857008;0.015159805;0.015159805;254.6
945;11/10/2017;3.44E-06;3.31E-06;3.48E-06;2.88E-06;3.50E-06;2.85E-06;3.47E-06;1.31E-06;0.006417056;0.006379195;0.006920984;0.006920984;255
946;12/10/2017;5.15E-06;3.83E-06;4.32E-06;3.44E-06;4.14E-06;3.34E-06;3.99E-06;3.94E-06;0.012608256;0.007079055;0.008129104;0.008129104;254.6
947;13/10/2017;3.54E-06;3.36E-06;3.39E-06;2.82E-06;3.00E-06;2.61E-06;3.10E-06;3.94E-06;0.007447832;0.008415814;0.005724282;0.005724282;254.91
948;16/10/2017;4.09E-06;2.92E-06;3.87E-06;2.39E-06;3.59E-06;2.61E-06;3.80E-06;2.17E-06;0.008722149;0.005783438;0.008527661;0.008527661;255.3
949;17/10/2017;3.25E-06;2.66E-06;2.79E-06;2.16E-06;2.88E-06;2.33E-06;2.42E-06;2.30E-06;0.006549548;0.005524691;0.005671869;0.005671869;255.46
950;18/10/2017;3.74E-06;3.06E-06;3.54E-06;2.05E-06;3.32E-06;1.94E-06;2.31E-06;2.18E-06;0.008663509;0.007302517;0.006957457;0.006957457;255.69
951;19/10/2017;9.15E-06;6.06E-06;9.16E-06;6.23E-06;9.01E-06;5.89E-06;8.32E-06;8.13E-06;0.024073416;0.011160994;0.022455619;0.022455619;255.82
952;20/10/2017;5.29E-06;4.67E-06;4.63E-06;3.06E-06;4.32E-06;3.41E-06;3.94E-06;4.41E-06;0.01929605;0.010449091;0.008658226;0.008658226;257.08
953;23/10/2017;7.62E-06;5.48E-06;6.31E-06;5.16E-06;6.63E-06;5.64E-06;6.18E-06;5.94E-06;0.017529867;0.008664675;0.013653509;0.013653509;256.15
954;24/10/2017;6.55E-06;6.58E-06;5.86E-06;6.28E-06;5.78E-06;6.16E-06;6.35E-06;4.05E-06;0.01945979;0.014390814;0.011393761;0.011393761;256.54
955;25/10/2017;1.98E-05;2.30E-05;1.78E-05;2.27E-05;1.77E-05;2.41E-05;1.86E-05;3.12E-05;0.038812364;0.037579487;0.031180038;0.031180038;255.3
956;26/10/2017;1.03E-05;1.14E-05;9.49E-06;8.61E-06;9.32E-06;6.99E-06;9.76E-06;8.73E-06;0.026089366;0.025131276;0.020208091;0.020208091;255.59
957;27/10/2017;1.04E-05;1.23E-05;9.95E-06;1.15E-05;9.94E-06;1.23E-05;1.03E-05;3.74E-06;0.025618342;0.031498963;0.025050785;0.025050785;257.68
958;30/10/2017;9.12E-06;1.08E-05;8.12E-06;9.88E-06;7.59E-06;1.05E-05;8.40E-06;9.11E-06;0.019794313;0.018777918;0.014342569;0.014342569;256.8
959;31/10/2017;4.73E-06;4.43E-06;4.61E-06;3.50E-06;4.71E-06;3.26E-06;4.35E-06;2.94E-06;0.009714219;0.008235452;0.010425149;0.010425149;257.11
960;01/11/2017;1.15E-05;1.04E-05;1.12E-05;1.04E-05;1.08E-05;9.47E-06;8.97E-06;1.04E-05;0.02142983;0.017685257;0.021494959;0.021494959;257.51
961;02/11/2017;1.52E-05;1.63E-05;1.35E-05;1.85E-05;1.13E-05;1.96E-05;1.59E-05;2.33E-05;0.047055424;0.037471164;0.023856242;0.023856242;257.61
962;03/11/2017;6.18E-06;4.43E-06;6.41E-06;4.13E-06;6.30E-06;5.36E-06;5.37E-06;4.48E-06;0.012407101;0.00667006;0.013321707;0.013321707;258.44
963;06/11/2017;3.95E-06;2.99E-06;3.54E-06;1.92E-06;3.71E-06;2.22E-06;3.14E-06;2.46E-06;0.008923744;0.005248271;0.007643269;0.007643269;258.82
964;07/11/2017;9.46E-06;8.51E-06;8.99E-06;7.52E-06;8.59E-06;7.60E-06;9.06E-06;8.71E-06;0.018777035;0.014577237;0.01423348;0.01423348;258.7
965;08/11/2017;5.79E-06;6.12E-06;5.72E-06;5.66E-06;5.06E-06;6.06E-06;5.38E-06;4.99E-06;0.011997492;0.010635591;0.008532021;0.008532021;259.13
966;09/11/2017;3.26E-05;2.64E-05;3.12E-05;2.65E-05;3.01E-05;2.79E-05;2.57E-05;2.08E-05;0.069563171;0.043644072;0.067850921;0.067850921;258.2
967;10/11/2017;1.04E-05;7.03E-06;9.89E-06;5.85E-06;9.19E-06;4.19E-06;8.08E-06;6.90E-06;0.02475653;0.014517317;0.019044763;0.019044763;258.08
968;13/11/2017;5.66E-06;5.15E-06;5.32E-06;5.26E-06;5.52E-06;5.58E-06;6.34E-06;6.87E-06;0.012011776;0.008657683;0.011663632;0.011663632;258.34
969;14/11/2017;1.71E-05;2.04E-05;1.83E-05;1.91E-05;1.77E-05;1.59E-05;1.71E-05;1.86E-05;0.033956863;0.060567031;0.036153763;0.036153763;257.75
970;15/11/2017;1.83E-05;2.04E-05;1.66E-05;1.32E-05;1.54E-05;1.19E-05;1.63E-05;2.62E-05;0.056774283;0.068600024;0.033276259;0.033276259;256.43
971;16/11/2017;7.15E-06;6.36E-06;7.00E-06;5.46E-06;6.35E-06;6.18E-06;5.80E-06;5.35E-06;0.013939203;0.011765878;0.011336934;0.011336934;258.609
972;17/11/2017;8.01E-06;5.44E-06;7.83E-06;4.60E-06;7.74E-06;4.28E-06;6.05E-06;2.24E-06;0.015879057;0.009633963;0.015772259;0.015772259;257.89
973;20/11/2017;5.04E-06;4.67E-06;4.84E-06;5.35E-06;4.77E-06;5.15E-06;5.03E-06;7.53E-07;0.011455355;0.011322904;0.009099895;0.009099895;258.29
974;21/11/2017;4.48E-06;3.56E-06;4.15E-06;3.73E-06;4.20E-06;3.31E-06;2.51E-06;4.08E-06;0.009726931;0.007114138;0.008565754;0.008565754;259.96
975;22/11/2017;4.18E-06;3.07E-06;3.58E-06;2.40E-06;3.65E-06;3.00E-06;2.44E-06;2.59E-06;0.010127159;0.006271335;0.007219336;0.007219336;259.77
976;27/11/2017;4.79E-06;4.71E-06;4.87E-06;4.74E-06;4.95E-06;4.70E-06;3.25E-06;6.17E-06;0.010162394;0.009634227;0.009180172;0.009180172;260.26
977;28/11/2017;9.46E-06;1.08E-05;8.65E-06;1.06E-05;8.51E-06;9.48E-06;1.13E-05;1.71E-05;0.018667658;0.017810526;0.017252034;0.017252034;262.85
978;29/11/2017;1.79E-05;1.60E-05;1.84E-05;1.26E-05;1.90E-05;1.20E-05;1.70E-05;1.60E-05;0.031939157;0.029058684;0.03371366;0.03371366;262.73
979;30/11/2017;2.12E-05;2.54E-05;2.04E-05;2.37E-05;1.81E-05;2.74E-05;2.20E-05;3.34E-05;0.04369274;0.043893483;0.032248541;0.032248541;264.89
980;01/12/2017;0.000159146;8.76E-05;0.00015636;8.86E-05;0.000161847;0.000120138;9.73E-05;0.000119858;0.813378632;0.22741249;1.030772489;1.030772489;264.44
981;04/12/2017;2.54E-05;2.22E-05;2.45E-05;2.35E-05;2.24E-05;2.33E-05;2.26E-05;1.79E-05;0.046165203;0.034076426;0.039676069;0.039676069;264.13
982;05/12/2017;1.98E-05;1.63E-05;1.75E-05;1.67E-05;1.78E-05;1.76E-05;1.82E-05;1.63E-05;0.043463517;0.030127579;0.042145217;0.042145217;263.2
983;06/12/2017;1.70E-05;1.37E-05;1.47E-05;1.26E-05;1.37E-05;1.35E-05;1.40E-05;1.37E-05;0.036741238;0.023453662;0.025691233;0.025691233;263.21
984;07/12/2017;1.18E-05;8.51E-06;1.18E-05;8.50E-06;1.15E-05;8.90E-06;8.83E-06;1.24E-05;0.024394308;0.013683443;0.022569685;0.022569685;264.04
985;08/12/2017;8.32E-06;8.08E-06;7.11E-06;8.00E-06;7.09E-06;7.27E-06;7.52E-06;6.13E-06;0.019284166;0.01449189;0.015716938;0.015716938;265.49
986;11/12/2017;5.71E-06;6.35E-06;5.06E-06;5.70E-06;4.94E-06;5.24E-06;5.97E-06;6.24E-06;0.012747645;0.012182198;0.009901783;0.009901783;266.34
987;12/12/2017;7.84E-06;6.26E-06;7.64E-06;5.61E-06;7.37E-06;5.78E-06;5.79E-06;5.10E-06;0.016282789;0.01317491;0.01406377;0.01406377;266.79
988;13/12/2017;1.09E-05;1.30E-05;9.78E-06;8.08E-06;9.93E-06;6.93E-06;9.86E-06;8.77E-06;0.025962924;0.028391319;0.020398883;0.020398883;266.73
989;14/12/2017;1.23E-05;1.13E-05;1.17E-05;1.20E-05;1.18E-05;1.11E-05;1.07E-05;1.45E-05;0.024783818;0.02152037;0.023675604;0.023675604;265.67
990;15/12/2017;9.62E-06;1.16E-05;8.90E-06;6.71E-06;9.02E-06;5.41E-06;1.09E-05;1.13E-05;0.025247729;0.044089768;0.021748346;0.021748346;266.53
991;18/12/2017;7.02E-06;4.34E-06;7.01E-06;4.36E-06;7.00E-06;4.30E-06;4.70E-06;4.42E-06;0.014465325;0.011904469;0.013075009;0.013075009;268.18
992;19/12/2017;9.64E-06;9.79E-06;9.29E-06;8.30E-06;8.92E-06;9.20E-06;8.30E-06;9.58E-06;0.01729658;0.017122783;0.014935903;0.014935903;267.2
993;20/12/2017;1.28E-05;1.47E-05;1.21E-05;1.44E-05;1.15E-05;1.22E-05;1.28E-05;2.11E-05;0.02883781;0.034114927;0.026284027;0.026284027;267.04
994;21/12/2017;5.75E-06;6.82E-06;5.29E-06;5.54E-06;5.49E-06;5.35E-06;5.89E-06;7.60E-06;0.012466579;0.013628608;0.012778229;0.012778229;267.57
995;22/12/2017;5.64E-06;4.92E-06;5.17E-06;5.00E-06;5.54E-06;4.77E-06;4.49E-06;2.45E-06;0.018802434;0.009347657;0.0232935;0.0232935;267.48
996;26/12/2017;4.12E-06;3.24E-06;4.05E-06;3.16E-06;4.09E-06;3.34E-06;3.11E-06;2.30E-06;0.007976818;0.005225676;0.008836761;0.008836761;267.16
997;27/12/2017;3.89E-06;3.04E-06;3.44E-06;2.56E-06;3.22E-06;2.37E-06;2.94E-06;2.19E-06;0.010350851;0.005843949;0.005675021;0.005675021;267.33
998;28/12/2017;2.53E-06;2.11E-06;2.41E-06;1.86E-06;2.30E-06;1.51E-06;1.81E-06;1.56E-06;0.004980886;0.004581086;0.004376204;0.004376204;267.86
999;29/12/2017;7.18E-06;9.68E-06;6.28E-06;8.50E-06;6.11E-06;6.70E-06;8.18E-06;1.01E-05;0.020139712;0.021980006;0.011105515;0.011105515;266.88
1000;02/01/2018;7.90E-06;9.06E-06;7.95E-06;7.84E-06;7.62E-06;9.63E-06;9.49E-06;6.97E-06;0.022296527;0.02448492;0.022090108;0.022090108;268.8
1001;03/01/2018;6.27E-06;5.70E-06;5.42E-06;5.75E-06;4.78E-06;5.31E-06;5.70E-06;6.86E-06;0.016567479;0.011000659;0.008668426;0.008668426;270.47
1002;04/01/2018;7.33E-06;7.12E-06;6.23E-06;6.38E-06;6.02E-06;7.06E-06;8.04E-06;7.05E-06;0.016580282;0.013150596;0.011403527;0.011403527;271.63
1003;05/01/2018;6.58E-06;9.36E-06;6.51E-06;9.74E-06;6.79E-06;1.00E-05;7.31E-06;6.95E-06;0.01508551;0.020105114;0.01773979;0.01773979;273.39
1004;08/01/2018;5.75E-06;5.85E-06;4.76E-06;5.91E-06;4.53E-06;5.74E-06;4.84E-06;3.76E-06;0.015921024;0.011950013;0.009319161;0.009319161;273.93
1005;09/01/2018;1.10E-05;1.10E-05;1.03E-05;1.05E-05;1.01E-05;9.39E-06;1.09E-05;1.27E-05;0.027281164;0.021869666;0.023974279;0.023974279;274.53
1006;10/01/2018;1.39E-05;1.12E-05;1.35E-05;1.22E-05;1.36E-05;1.39E-05;1.40E-05;1.47E-05;0.029290217;0.019106234;0.030497376;0.030497376;274.1
1007;11/01/2018;7.01E-06;8.16E-06;6.59E-06;8.14E-06;6.39E-06;7.89E-06;7.46E-06;8.15E-06;0.016303973;0.01535495;0.015189021;0.015189021;276.08
1008;12/01/2018;9.33E-06;1.07E-05;9.81E-06;8.78E-06;9.50E-06;1.10E-05;1.04E-05;1.20E-05;0.016268118;0.01938912;0.017526742;0.017526742;277.91
1009;16/01/2018;3.63E-05;3.26E-05;3.73E-05;2.93E-05;3.79E-05;2.90E-05;3.04E-05;3.71E-05;0.070571256;0.051981703;0.076679239;0.076679239;276.96
1010;17/01/2018;1.85E-05;1.88E-05;1.60E-05;1.80E-05;1.61E-05;1.62E-05;1.48E-05;1.24E-05;0.044142269;0.032486219;0.042872331;0.042872331;279.61
1011;18/01/2018;2.04E-05;2.32E-05;1.79E-05;2.55E-05;1.93E-05;2.74E-05;1.71E-05;9.34E-06;0.046037956;0.041016264;0.041780041;0.041780041;279.18
1012;19/01/2018;1.27E-05;1.25E-05;1.26E-05;9.92E-06;1.25E-05;1.13E-05;1.21E-05;8.37E-06;0.024579311;0.029605674;0.024323573;0.024323573;280.38
1013;22/01/2018;1.22E-05;1.34E-05;1.06E-05;1.05E-05;9.96E-06;1.19E-05;1.15E-05;1.20E-05;0.028090974;0.026090049;0.017434284;0.017434284;282.67
1014;23/01/2018;2.03E-05;1.18E-05;2.11E-05;1.32E-05;1.95E-05;1.42E-05;1.38E-05;1.64E-05;0.050538537;0.020385205;0.039457499;0.039457499;283.26
1015;24/01/2018;4.02E-05;3.99E-05;3.95E-05;3.72E-05;3.89E-05;3.30E-05;3.50E-05;3.57E-05;0.070409338;0.069926229;0.064888936;0.064888936;283.18
1016;25/01/2018;3.52E-05;3.00E-05;3.34E-05;2.91E-05;3.43E-05;2.71E-05;3.11E-05;1.89E-05;0.072868863;0.057184574;0.066234233;0.066234233;283.29
1017;26/01/2018;1.31E-05;1.03E-05;1.31E-05;1.18E-05;1.21E-05;1.13E-05;1.06E-05;9.11E-06;0.026195517;0.015187967;0.0217825;0.0217825;286.57
1018;29/01/2018;2.81E-05;2.50E-05;2.63E-05;2.57E-05;2.50E-05;2.20E-05;2.78E-05;1.87E-05;0.058247359;0.043709232;0.044634577;0.044634577;284.68
1019;30/01/2018;4.53E-05;3.94E-05;4.27E-05;3.72E-05;4.05E-05;4.53E-05;4.13E-05;3.99E-05;0.084370445;0.060117278;0.064127932;0.064127932;281.66
1020;31/01/2018;3.63E-05;3.19E-05;3.56E-05;2.49E-05;3.42E-05;2.25E-05;3.15E-05;2.61E-05;0.070007062;0.058857738;0.060839216;0.060839216;281.91
1021;01/02/2018;3.84E-05;3.42E-05;3.54E-05;3.16E-05;3.43E-05;3.54E-05;3.52E-05;3.31E-05;0.074877957;0.054337809;0.059287239;0.059287239;281.6
1022;02/02/2018;6.41E-05;7.16E-05;5.96E-05;7.83E-05;6.02E-05;7.92E-05;5.80E-05;5.24E-05;0.118026679;0.116802915;0.108251559;0.108251559;275.52
1023;05/02/2018;0.000484464;0.000438578;0.000446375;0.000478819;0.000411982;0.000486864;0.000506175;0.000506523;2.15942076;1.275341836;1.126409966;1.126409966;264.18
1024;06/02/2018;0.000727971;0.000736305;0.000755711;0.0008519;0.000806837;0.000964886;0.000734211;0.000815943;1.340726117;1.22107391;1.712118625;1.712118625;269.18
1025;07/02/2018;0.000203041;0.000204292;0.000206137;0.000203622;0.000198561;0.000212748;0.000198697;0.000197714;0.396241418;0.306337478;0.348394419;0.348394419;267.66
1026;08/02/2018;0.000386326;0.00036896;0.000381686;0.000337334;0.00040935;0.000379879;0.000326203;0.000287127;0.727716623;0.614780137;0.906500301;0.906500301;257.72
1027;09/02/2018;0.000604083;0.00064111;0.00064214;0.000668229;0.000638837;0.00069046;0.000617211;0.000680059;0.91032603;0.969207135;1.052779109;1.052779109;261.67
1028;12/02/2018;0.00017245;0.000157697;0.000167186;0.000153583;0.000157496;0.000145235;0.000186638;8.87E-05;0.366243524;0.261929247;0.302553492;0.302553492;265.26
1029;13/02/2018;9.84E-05;7.14E-05;0.000105831;6.67E-05;0.000109495;7.15E-05;8.14E-05;4.84E-05;0.196542717;0.118469991;0.253565607;0.253565607;266.01
1030;14/02/2018;0.000107916;0.000113731;0.000104766;8.99E-05;0.000105515;9.87E-05;0.000110732;6.32E-05;0.212483151;0.233034715;0.196244747;0.196244747;269.7
1031;15/02/2018;7.07E-05;8.17E-05;7.03E-05;7.51E-05;6.54E-05;7.36E-05;5.84E-05;6.99E-05;0.130009695;0.151373674;0.116278666;0.116278666;273
1032;16/02/2018;8.57E-05;8.09E-05;8.23E-05;7.82E-05;8.00E-05;9.06E-05;7.77E-05;6.77E-05;0.157976016;0.118813816;0.134453914;0.134453914;273.09
1033;20/02/2018;6.79E-05;6.11E-05;7.14E-05;5.89E-05;6.70E-05;5.68E-05;6.18E-05;6.42E-05;0.122817765;0.103319201;0.114878409;0.114878409;271.43
1034;21/02/2018;9.61E-05;7.89E-05;9.46E-05;6.61E-05;9.01E-05;6.02E-05;7.63E-05;0.00010019;0.231838141;0.173149637;0.188510456;0.188510456;270
1035;22/02/2018;0.000105725;9.66E-05;8.90E-05;9.60E-05;8.83E-05;9.03E-05;8.99E-05;6.02E-05;0.247897646;0.151518728;0.15631199;0.15631199;270.32
1036;23/02/2018;4.36E-05;3.91E-05;4.45E-05;3.46E-05;4.44E-05;3.48E-05;3.50E-05;2.95E-05;0.086420594;0.061519987;0.088435833;0.088435833;274.69
1037;26/02/2018;2.82E-05;3.22E-05;2.69E-05;2.56E-05;2.83E-05;2.24E-05;2.88E-05;2.49E-05;0.057106364;0.070216667;0.048736169;0.048736169;277.89
1038;27/02/2018;7.51E-05;8.71E-05;7.41E-05;9.81E-05;7.29E-05;9.56E-05;8.74E-05;8.77E-05;0.121720002;0.123337635;0.111630166;0.111630166;274.38
1039;28/02/2018;7.79E-05;7.97E-05;6.80E-05;8.50E-05;6.66E-05;7.48E-05;8.93E-05;0.000109537;0.197328565;0.139801239;0.102445931;0.102445931;271.33
1040;01/03/2018;0.000260249;0.000237495;0.000260157;0.000235892;0.000281486;0.000248851;0.000250661;0.000233242;0.400333028;0.367183389;0.428767373;0.428767373;267.73
1041;02/03/2018;0.000153182;0.000127882;0.000160535;0.000132035;0.000170637;0.000131025;0.000134355;0.000121836;0.235642202;0.191056114;0.277688328;0.277688328;269.13
1042;05/03/2018;7.67E-05;6.50E-05;7.24E-05;6.75E-05;6.60E-05;6.46E-05;6.93E-05;8.06E-05;0.138578728;0.0957656;0.11095434;0.11095434;272.2
1043;06/03/2018;6.97E-05;4.77E-05;6.36E-05;4.23E-05;5.90E-05;3.90E-05;4.88E-05;6.49E-05;0.142489736;0.083111656;0.099663504;0.099663504;272.89
1044;07/03/2018;7.12E-05;6.12E-05;6.93E-05;4.46E-05;6.98E-05;3.56E-05;5.96E-05;6.50E-05;0.121340616;0.133490296;0.115405218;0.115405218;272.8
1045;08/03/2018;4.57E-05;4.35E-05;4.54E-05;4.40E-05;4.40E-05;4.98E-05;3.82E-05;3.36E-05;0.081123692;0.063820736;0.07319524;0.07319524;274.08
1046;09/03/2018;2.44E-05;1.78E-05;2.23E-05;1.76E-05;2.31E-05;1.58E-05;2.37E-05;1.94E-05;0.045642834;0.030181348;0.045472485;0.045472485;278.82
1047;12/03/2018;3.16E-05;3.08E-05;2.72E-05;3.11E-05;2.69E-05;2.83E-05;2.83E-05;2.79E-05;0.071640725;0.052061817;0.047811196;0.047811196;278.5
1048;13/03/2018;5.97E-05;5.08E-05;6.33E-05;4.54E-05;6.30E-05;4.34E-05;4.67E-05;5.13E-05;0.102422323;0.095705789;0.114883642;0.114883642;276.69
1049;14/03/2018;7.09E-05;6.95E-05;7.01E-05;6.93E-05;7.06E-05;6.16E-05;7.04E-05;5.92E-05;0.131274946;0.133898589;0.124992409;0.124992409;275.27
1050;15/03/2018;3.46E-05;3.32E-05;3.35E-05;2.94E-05;3.24E-05;3.25E-05;2.99E-05;2.67E-05;0.060006613;0.051542443;0.04961564;0.04961564;275.01
1051;16/03/2018;2.38E-05;1.98E-05;2.17E-05;1.50E-05;2.09E-05;1.19E-05;2.44E-05;2.01E-05;0.06173748;0.057862929;0.044625636;0.044625636;274.19
1052;19/03/2018;6.65E-05;6.51E-05;6.21E-05;6.48E-05;6.06E-05;7.48E-05;5.64E-05;5.89E-05;0.119985181;0.093518672;0.096379382;0.096379382;270.49
1053;20/03/2018;4.02E-05;3.46E-05;3.60E-05;3.37E-05;3.71E-05;3.43E-05;3.03E-05;1.50E-05;0.077193124;0.058959555;0.074116402;0.074116402;270.94
1054;21/03/2018;7.36E-05;6.71E-05;7.36E-05;5.69E-05;7.54E-05;5.84E-05;7.17E-05;6.03E-05;0.181089986;0.135852192;0.190192364;0.190192364;270.43
1055;22/03/2018;0.000132294;0.000109586;0.000130105;9.84E-05;0.000134853;0.000111406;0.000121522;0.000111169;0.246623414;0.162422348;0.232388963;0.232388963;263.67
1056;23/03/2018;0.000170697;0.000155855;0.000177624;0.000154529;0.000183496;0.000163009;0.000146444;0.000200451;0.264580963;0.256274994;0.304677238;0.304677238;258.01
1057;26/03/2018;9.87E-05;0.00011133;9.84E-05;0.000110796;9.39E-05;0.000135069;0.000113312;6.00E-05;0.159053069;0.181753278;0.146587483;0.146587483;265.17
1058;27/03/2018;0.000185184;0.000178071;0.000185956;0.00018397;0.000195372;0.000172517;0.000163387;0.000215383;0.379493881;0.289423515;0.456728201;0.456728201;260.53
1059;28/03/2018;0.000279899;0.000275564;0.000278476;0.000276481;0.000287057;0.000280322;0.000301468;0.000250315;0.430207397;0.410498912;0.447159663;0.447159663;259.84
1060;29/03/2018;9.68E-05;9.46E-05;9.86E-05;9.94E-05;9.77E-05;9.30E-05;9.66E-05;9.70E-05;0.160048115;0.14620828;0.155336311;0.155336311;263.49
1061;02/04/2018;0.000201322;0.000178318;0.000191181;0.000184176;0.000186326;0.000182996;0.000165118;0.000227503;0.361006116;0.296831254;0.304062319;0.304062319;257.53
1062;03/04/2018;0.000169556;0.000186015;0.000172186;0.000197251;0.000177559;0.000194843;0.000154645;0.000146576;0.271150649;0.350258813;0.308825991;0.308825991;260.77
1063;04/04/2018;0.000144725;0.000139091;0.000138508;0.000134584;0.00012682;0.000132526;0.000133955;0.00012538;0.243898809;0.226186115;0.195530208;0.195530208;263.83
1064;05/04/2018;7.96E-05;8.40E-05;7.97E-05;7.79E-05;8.43E-05;8.40E-05;8.34E-05;8.21E-05;0.12933386;0.131541756;0.146378843;0.146378843;265.65
1065;06/04/2018;0.000175944;0.000148606;0.000174454;0.00017869;0.000174497;0.000173718;0.000164583;0.00014087;0.318642474;0.205007239;0.29821022;0.29821022;259.8
1066;09/04/2018;7.22E-05;7.31E-05;6.85E-05;6.00E-05;6.32E-05;5.76E-05;7.89E-05;8.63E-05;0.138257101;0.131376721;0.113542555;0.113542555;260.86
1067;10/04/2018;0.00012117;0.000112797;0.000115768;0.000122778;0.000115358;0.000136725;0.000133987;3.90E-05;0.228883338;0.153950721;0.24439506;0.24439506;265.14
1068;11/04/2018;7.34E-05;7.80E-05;7.12E-05;7.92E-05;7.29E-05;8.11E-05;5.97E-05;5.45E-05;0.126865659;0.130398571;0.115559659;0.115559659;263.75
1069;12/04/2018;5.50E-05;5.10E-05;4.93E-05;4.77E-05;4.72E-05;4.61E-05;5.77E-05;4.17E-05;0.111017889;0.090319276;0.081581963;0.081581963;265.91
1070;13/04/2018;7.54E-05;6.70E-05;7.82E-05;5.81E-05;7.87E-05;5.80E-05;6.30E-05;6.14E-05;0.127439052;0.125367241;0.134380874;0.134380874;265.16
1071;16/04/2018;4.30E-05;3.80E-05;3.88E-05;3.42E-05;3.91E-05;3.87E-05;3.67E-05;3.07E-05;0.077953402;0.059129215;0.071775555;0.071775555;267.32
1072;17/04/2018;2.50E-05;1.66E-05;2.13E-05;1.41E-05;2.08E-05;1.58E-05;2.27E-05;1.60E-05;0.052732324;0.027098465;0.033932115;0.033932115;270.15
1073;18/04/2018;2.37E-05;2.24E-05;2.29E-05;2.46E-05;2.10E-05;2.27E-05;2.42E-05;1.70E-05;0.044267812;0.035951989;0.035870566;0.035870566;270.37
1074;19/04/2018;4.94E-05;3.73E-05;4.79E-05;3.57E-05;4.71E-05;3.45E-05;5.09E-05;3.70E-05;0.110450185;0.061760436;0.094345632;0.094345632;268.86
1075;20/04/2018;4.81E-05;5.42E-05;4.95E-05;5.38E-05;4.92E-05;5.23E-05;4.70E-05;3.35E-05;0.078582603;0.082718251;0.078045039;0.078045039;266.63
1076;23/04/2018;3.87E-05;3.72E-05;3.83E-05;4.38E-05;3.80E-05;4.26E-05;3.81E-05;3.76E-05;0.072322473;0.057983455;0.062389022;0.062389022;266.58
1077;24/04/2018;0.000114465;0.000141637;0.000111602;0.000144425;0.000118933;0.000140371;0.000117291;0.000106645;0.185616613;0.22417489;0.192806353;0.192806353;263.03
1078;25/04/2018;9.64E-05;0.000100786;9.60E-05;9.41E-05;9.78E-05;8.96E-05;9.46E-05;0.000101443;0.163830494;0.177903244;0.161568213;0.161568213;263.57
1079;26/04/2018;3.95E-05;3.99E-05;3.53E-05;4.03E-05;3.43E-05;3.81E-05;3.87E-05;2.97E-05;0.075781073;0.061605339;0.0617839;0.0617839;266.32
1080;27/04/2018;4.36E-05;3.43E-05;3.95E-05;3.38E-05;3.79E-05;3.71E-05;4.68E-05;2.96E-05;0.081118783;0.05348555;0.070458029;0.070458029;266.58
1081;30/04/2018;4.33E-05;4.66E-05;3.83E-05;4.52E-05;3.82E-05;4.71E-05;3.67E-05;5.46E-05;0.080108529;0.077399847;0.066523692;0.066523692;264.45
1082;01/05/2018;4.69E-05;4.67E-05;4.41E-05;4.46E-05;4.07E-05;5.21E-05;4.52E-05;4.44E-05;0.08154492;0.068418249;0.070564068;0.070564068;265
1083;02/05/2018;4.54E-05;4.51E-05;4.56E-05;4.22E-05;4.47E-05;4.25E-05;4.35E-05;4.74E-05;0.075988063;0.081576875;0.074328695;0.074328695;263.2
1084;03/05/2018;0.000115461;0.000102253;0.000103361;9.56E-05;0.000100301;0.000108173;0.000121144;0.000134408;0.22374349;0.155916738;0.147021676;0.147021676;262.61
1085;04/05/2018;3.96E-05;4.28E-05;3.91E-05;3.92E-05;3.83E-05;3.84E-05;4.59E-05;4.56E-05;0.083292494;0.081523289;0.082884107;0.082884107;266
1086;07/05/2018;3.24E-05;2.62E-05;3.05E-05;1.93E-05;2.81E-05;1.85E-05;3.36E-05;3.10E-05;0.064112119;0.069380615;0.05637889;0.05637889;266.9
1087;08/05/2018;6.43E-05;4.71E-05;6.22E-05;4.73E-05;5.62E-05;4.38E-05;5.81E-05;3.90E-05;0.133703112;0.088098572;0.104334104;0.104334104;266.9
1088;09/05/2018;3.00E-05;2.90E-05;3.03E-05;2.99E-05;2.82E-05;3.03E-05;2.31E-05;2.58E-05;0.064697763;0.049853734;0.048892752;0.048892752;269.48
1089;10/05/2018;2.37E-05;1.93E-05;2.48E-05;1.70E-05;2.32E-05;1.48E-05;2.21E-05;1.72E-05;0.042505296;0.035029863;0.045767763;0.045767763;272.01
1090;11/05/2018;2.41E-05;2.13E-05;2.30E-05;2.11E-05;2.08E-05;1.90E-05;2.42E-05;1.79E-05;0.045289343;0.03566105;0.037309096;0.037309096;272.64
1091;14/05/2018;1.91E-05;1.65E-05;1.71E-05;1.48E-05;1.64E-05;1.66E-05;1.83E-05;1.48E-05;0.03698502;0.026564872;0.029546049;0.029546049;272.92
1092;15/05/2018;5.13E-05;4.02E-05;4.80E-05;3.87E-05;4.53E-05;3.61E-05;3.96E-05;3.79E-05;0.095647796;0.066776951;0.07416512;0.07416512;271.03
1093;16/05/2018;2.41E-05;1.87E-05;2.39E-05;1.82E-05;2.34E-05;1.60E-05;2.47E-05;2.02E-05;0.04909126;0.034118316;0.048645466;0.048645466;272.21
1094;17/05/2018;2.42E-05;2.00E-05;2.30E-05;1.91E-05;2.26E-05;1.72E-05;2.70E-05;2.49E-05;0.049836472;0.033149936;0.046568035;0.046568035;272.02
1095;18/05/2018;2.42E-05;2.19E-05;2.03E-05;1.85E-05;1.96E-05;1.94E-05;1.98E-05;1.62E-05;0.057795371;0.0438765;0.041449466;0.041449466;271.34
1096;21/05/2018;1.90E-05;1.92E-05;1.83E-05;1.64E-05;1.68E-05;1.33E-05;2.03E-05;2.21E-05;0.044328607;0.038705402;0.032218944;0.032218944;273.36
1097;22/05/2018;1.93E-05;1.40E-05;1.71E-05;1.24E-05;1.49E-05;9.68E-06;1.72E-05;1.10E-05;0.063505696;0.038590021;0.027565567;0.027565567;272.57
1098;23/05/2018;2.79E-05;2.92E-05;2.55E-05;2.54E-05;2.49E-05;1.98E-05;3.33E-05;3.86E-05;0.058008381;0.065761335;0.055670102;0.055670102;273.38
1099;24/05/2018;4.05E-05;3.37E-05;4.08E-05;3.91E-05;3.98E-05;3.40E-05;3.91E-05;2.74E-05;0.10434776;0.058348192;0.084853606;0.084853606;272.85
1100;25/05/2018;1.77E-05;1.62E-05;1.59E-05;1.55E-05;1.55E-05;1.56E-05;1.54E-05;8.46E-06;0.042086952;0.028765937;0.029799344;0.029799344;272.18
1101;29/05/2018;6.20E-05;5.79E-05;6.52E-05;5.48E-05;6.45E-05;5.43E-05;5.64E-05;8.64E-05;0.101391675;0.093940398;0.109148157;0.109148157;269.1
1102;30/05/2018;2.19E-05;2.18E-05;2.16E-05;2.03E-05;2.14E-05;1.99E-05;2.54E-05;2.45E-05;0.041405108;0.045140132;0.039330203;0.039330203;272.58
1103;31/05/2018;4.07E-05;4.25E-05;3.62E-05;3.89E-05;3.59E-05;3.79E-05;4.39E-05;2.44E-05;0.084830367;0.08053909;0.070755941;0.070755941;270.74
1104;01/06/2018;1.99E-05;1.76E-05;2.06E-05;1.55E-05;2.06E-05;1.69E-05;1.90E-05;1.07E-05;0.064272135;0.038784413;0.052985128;0.052985128;273.65
1105;04/06/2018;1.02E-05;8.80E-06;9.18E-06;8.50E-06;8.12E-06;8.78E-06;9.77E-06;9.63E-06;0.022978175;0.015482421;0.014902127;0.014902127;274.9
1106;05/06/2018;1.48E-05;1.75E-05;1.42E-05;1.82E-05;1.38E-05;1.64E-05;1.54E-05;1.05E-05;0.03008417;0.036453414;0.026400003;0.026400003;275.2
1107;06/06/2018;1.43E-05;1.46E-05;1.24E-05;1.49E-05;1.22E-05;1.57E-05;1.22E-05;1.54E-05;0.030274142;0.025322644;0.026806908;0.026806908;277.5
1108;07/06/2018;2.96E-05;3.09E-05;2.70E-05;2.92E-05;2.79E-05;2.94E-05;3.16E-05;1.72E-05;0.055231759;0.052494823;0.053122029;0.053122029;277.33
1109;08/06/2018;1.87E-05;1.34E-05;1.55E-05;1.31E-05;1.60E-05;1.25E-05;1.43E-05;1.21E-05;0.043040373;0.023578389;0.036493836;0.036493836;278.2
1110;11/06/2018;9.86E-06;8.93E-06;8.34E-06;1.02E-05;8.36E-06;7.53E-06;9.08E-06;8.49E-06;0.022854906;0.018964263;0.015306684;0.015306684;278.565
1111;12/06/2018;9.18E-06;8.68E-06;8.83E-06;6.86E-06;8.48E-06;7.48E-06;9.18E-06;7.93E-06;0.017838314;0.016157533;0.014020176;0.014020176;278.98
1112;13/06/2018;1.67E-05;1.66E-05;1.62E-05;1.09E-05;1.64E-05;1.30E-05;1.56E-05;1.93E-05;0.036401899;0.040250894;0.038461878;0.038461878;277.94
1113;14/06/2018;1.29E-05;1.14E-05;1.22E-05;8.38E-06;1.08E-05;8.03E-06;1.32E-05;1.31E-05;0.030315791;0.024547076;0.023488353;0.023488353;278.72
1114;15/06/2018;2.00E-05;2.25E-05;1.88E-05;2.09E-05;1.84E-05;1.85E-05;2.41E-05;2.83E-05;0.044032903;0.041760917;0.037442217;0.037442217;277.2
1115;18/06/2018;1.64E-05;1.66E-05;1.58E-05;1.34E-05;1.62E-05;1.46E-05;1.51E-05;1.58E-05;0.035626006;0.032000912;0.033820683;0.033820683;276.57
1116;19/06/2018;3.18E-05;2.61E-05;2.59E-05;2.49E-05;2.51E-05;2.24E-05;3.15E-05;3.19E-05;0.06646395;0.048175724;0.050709982;0.050709982;275.51
1117;20/06/2018;1.39E-05;8.16E-06;1.37E-05;7.97E-06;1.37E-05;7.89E-06;1.26E-05;9.68E-06;0.026077748;0.01242928;0.026980732;0.026980732;275.98
1118;21/06/2018;3.58E-05;3.11E-05;3.42E-05;2.93E-05;3.76E-05;2.83E-05;3.40E-05;2.72E-05;0.075734868;0.060475923;0.08874611;0.08874611;274.23
1119;22/06/2018;1.94E-05;1.58E-05;1.73E-05;1.15E-05;1.60E-05;1.07E-05;1.65E-05;1.52E-05;0.06285729;0.038181961;0.040294318;0.040294318;274.71
1120;25/06/2018;7.23E-05;8.43E-05;6.47E-05;7.37E-05;6.55E-05;7.62E-05;7.83E-05;0.000108286;0.131265071;0.144916623;0.117492513;0.117492513;271.01
1121;26/06/2018;3.59E-05;2.93E-05;3.62E-05;2.78E-05;3.56E-05;2.82E-05;3.17E-05;2.04E-05;0.083591379;0.060489328;0.077617634;0.077617634;271.55
1122;27/06/2018;5.98E-05;7.38E-05;6.08E-05;6.58E-05;5.96E-05;6.56E-05;6.99E-05;6.89E-05;0.102987959;0.12061768;0.098547049;0.098547049;269.27
1123;28/06/2018;7.20E-05;5.90E-05;7.03E-05;6.06E-05;7.29E-05;6.41E-05;6.64E-05;4.34E-05;0.152888248;0.119295038;0.16467328;0.16467328;270.95
1124;29/06/2018;2.40E-05;2.47E-05;2.07E-05;2.34E-05;2.07E-05;2.34E-05;2.56E-05;3.22E-05;0.051547444;0.048875001;0.035692472;0.035692472;271.19
1125;02/07/2018;3.47E-05;3.71E-05;3.51E-05;4.07E-05;3.61E-05;4.06E-05;3.34E-05;4.12E-05;0.060450886;0.064735461;0.070013173;0.070013173;271.94
1126;05/07/2018;3.34E-05;2.87E-05;3.31E-05;2.47E-05;3.17E-05;2.20E-05;3.20E-05;2.09E-05;0.070046605;0.05575546;0.071425231;0.071425231;273.09
1127;06/07/2018;2.11E-05;2.21E-05;1.98E-05;2.04E-05;2.05E-05;1.66E-05;2.11E-05;2.37E-05;0.042632193;0.043273156;0.043351263;0.043351263;275.37
1128;09/07/2018;1.13E-05;9.01E-06;1.05E-05;8.97E-06;1.04E-05;8.60E-06;1.13E-05;8.18E-06;0.02397533;0.015837754;0.022864157;0.022864157;277.89
1129;10/07/2018;1.52E-05;1.27E-05;1.28E-05;1.20E-05;1.42E-05;1.29E-05;1.32E-05;6.84E-06;0.036115527;0.021180094;0.035480075;0.035480075;278.82
1130;11/07/2018;2.70E-05;2.05E-05;2.64E-05;2.28E-05;2.44E-05;2.12E-05;2.43E-05;1.88E-05;0.048284185;0.028442302;0.041935541;0.041935541;276.91
1131;12/07/2018;1.74E-05;1.60E-05;1.50E-05;1.47E-05;1.51E-05;1.59E-05;1.82E-05;1.24E-05;0.04006685;0.0291868;0.026588325;0.026588325;279.3
1132;13/07/2018;1.10E-05;9.35E-06;1.07E-05;7.29E-06;1.08E-05;8.97E-06;9.97E-06;7.72E-06;0.022445725;0.018328116;0.022913546;0.022913546;279.57
1133;16/07/2018;1.16E-05;9.80E-06;1.11E-05;9.72E-06;1.04E-05;9.53E-06;1.08E-05;7.54E-06;0.029072815;0.016413615;0.018670839;0.018670839;279.35
1134;17/07/2018;1.21E-05;1.27E-05;1.03E-05;1.32E-05;1.01E-05;1.35E-05;1.18E-05;1.28E-05;0.024077081;0.021393398;0.017758788;0.017758788;280.5
1135;18/07/2018;9.61E-06;6.20E-06;9.40E-06;6.41E-06;9.32E-06;6.56E-06;9.04E-06;5.03E-06;0.018492284;0.009840495;0.019422998;0.019422998;281.05
1136;19/07/2018;2.35E-05;1.66E-05;2.19E-05;1.26E-05;2.57E-05;1.47E-05;1.46E-05;1.89E-05;0.072791016;0.031607233;0.111351468;0.111351468;280.01
1137;20/07/2018;9.68E-06;8.18E-06;9.44E-06;7.96E-06;9.76E-06;8.51E-06;1.04E-05;7.78E-06;0.01823984;0.013390388;0.016689527;0.016689527;279.74
1138;23/07/2018;9.70E-06;6.56E-06;8.66E-06;5.53E-06;8.91E-06;6.12E-06;8.21E-06;7.35E-06;0.022566902;0.012584447;0.02110979;0.02110979;280.24
1139;24/07/2018;2.10E-05;2.11E-05;1.97E-05;1.68E-05;1.90E-05;1.62E-05;2.16E-05;2.13E-05;0.038468749;0.037486684;0.03691257;0.03691257;281.57
1140;25/07/2018;1.77E-05;2.05E-05;1.57E-05;1.97E-05;1.47E-05;1.92E-05;2.24E-05;3.46E-05;0.065937042;0.055852382;0.037357877;0.037357877;284.13
1141;26/07/2018;1.57E-05;1.15E-05;1.52E-05;1.11E-05;1.62E-05;1.09E-05;1.10E-05;1.18E-05;0.037633796;0.019690554;0.030188551;0.030188551;283.29
1142;27/07/2018;3.17E-05;3.06E-05;3.16E-05;2.67E-05;3.06E-05;2.44E-05;2.87E-05;2.14E-05;0.060058177;0.05580576;0.058503438;0.058503438;281.46
1143;30/07/2018;2.78E-05;2.70E-05;2.74E-05;2.83E-05;2.82E-05;2.84E-05;2.72E-05;9.16E-06;0.052740893;0.044420047;0.05129578;0.05129578;279.89
1144;31/07/2018;1.72E-05;1.46E-05;1.67E-05;1.11E-05;1.46E-05;7.91E-06;1.65E-05;1.77E-05;0.038539365;0.029626835;0.028408787;0.028408787;281.22
1145;01/08/2018;1.95E-05;1.22E-05;1.81E-05;1.18E-05;1.71E-05;1.22E-05;1.56E-05;1.26E-05;0.046522093;0.019031834;0.037585698;0.037585698;280.92
1146;02/08/2018;2.05E-05;1.44E-05;1.93E-05;1.25E-05;1.75E-05;1.35E-05;2.10E-05;1.45E-05;0.040266688;0.023424442;0.029578597;0.029578597;282.34
1147;03/08/2018;1.08E-05;9.36E-06;1.03E-05;8.34E-06;1.04E-05;7.31E-06;9.69E-06;8.00E-06;0.022304236;0.018334092;0.021909295;0.021909295;283.64
1148;06/08/2018;7.22E-06;6.16E-06;6.24E-06;5.82E-06;6.08E-06;6.59E-06;6.62E-06;6.07E-06;0.015405946;0.009535326;0.009886913;0.009886913;284.68
1149;07/08/2018;8.17E-06;8.94E-06;8.08E-06;1.00E-05;8.03E-06;1.01E-05;6.98E-06;4.87E-06;0.01475155;0.013548463;0.013459971;0.013459971;285.54
1150;08/08/2018;6.88E-06;8.04E-06;6.94E-06;7.07E-06;6.86E-06;8.82E-06;7.44E-06;7.32E-06;0.012235297;0.012170898;0.012369401;0.012369401;285.42
1151;09/08/2018;6.68E-06;7.42E-06;6.57E-06;4.43E-06;6.55E-06;4.54E-06;7.14E-06;5.28E-06;0.013990081;0.022521597;0.015701764;0.015701764;285.06
1152;10/08/2018;2.55E-05;2.47E-05;2.66E-05;2.86E-05;2.51E-05;2.73E-05;2.41E-05;2.33E-05;0.04708945;0.038141155;0.044743351;0.044743351;283.12
1153;13/08/2018;2.33E-05;2.48E-05;2.25E-05;2.13E-05;2.16E-05;2.23E-05;2.55E-05;2.03E-05;0.046492985;0.04058443;0.038379274;0.038379274;282.05
1154;14/08/2018;1.70E-05;1.63E-05;1.64E-05;1.47E-05;1.70E-05;1.65E-05;1.58E-05;9.09E-06;0.03887791;0.030875404;0.036504644;0.036504644;283.86
1155;15/08/2018;4.47E-05;4.06E-05;4.39E-05;4.29E-05;4.15E-05;4.46E-05;4.30E-05;4.64E-05;0.0858817;0.061505382;0.070730397;0.070730397;281.76
1156;16/08/2018;1.42E-05;1.37E-05;1.23E-05;1.35E-05;1.18E-05;1.25E-05;1.41E-05;1.17E-05;0.026626082;0.023112244;0.019430985;0.019430985;284.09
1157;17/08/2018;1.68E-05;1.88E-05;1.52E-05;1.53E-05;1.48E-05;1.14E-05;1.98E-05;1.44E-05;0.043299942;0.049779989;0.028920731;0.028920731;285.02
1158;20/08/2018;7.84E-06;7.69E-06;8.04E-06;7.53E-06;7.86E-06;7.81E-06;7.19E-06;4.94E-06;0.016264541;0.017937034;0.016508576;0.016508576;285.71
1159;21/08/2018;9.48E-06;7.12E-06;8.62E-06;6.81E-06;7.84E-06;6.21E-06;8.22E-06;9.08E-06;0.02347908;0.012500382;0.014217475;0.014217475;286.25
1160;22/08/2018;1.04E-05;1.07E-05;9.54E-06;1.00E-05;8.96E-06;1.08E-05;1.23E-05;1.03E-05;0.022044551;0.020021012;0.018913182;0.018913182;286.2
1161;23/08/2018;1.31E-05;1.37E-05;1.24E-05;1.25E-05;1.19E-05;1.16E-05;1.32E-05;1.13E-05;0.031221993;0.035011844;0.021430253;0.021430253;285.77
1162;24/08/2018;9.03E-06;8.05E-06;8.68E-06;7.84E-06;8.21E-06;8.49E-06;8.41E-06;7.53E-06;0.025885142;0.014032299;0.013878499;0.013878499;287.5
1163;27/08/2018;8.66E-06;6.62E-06;8.49E-06;7.01E-06;8.28E-06;6.75E-06;7.50E-06;6.80E-06;0.017843818;0.011736588;0.015301698;0.015301698;289.72
1164;28/08/2018;6.75E-06;9.32E-06;6.09E-06;8.21E-06;5.96E-06;8.30E-06;8.18E-06;7.67E-06;0.014102966;0.016719407;0.011329329;0.011329329;289.88
1165;29/08/2018;7.25E-06;7.15E-06;6.90E-06;8.11E-06;6.32E-06;9.62E-06;6.67E-06;7.52E-06;0.015145392;0.012096729;0.011867827;0.011867827;291.47
1166;30/08/2018;2.17E-05;2.01E-05;2.13E-05;1.45E-05;2.20E-05;1.35E-05;2.10E-05;1.71E-05;0.055439224;0.069358876;0.062723314;0.062723314;290.24
1167;31/08/2018;1.81E-05;1.73E-05;1.56E-05;1.65E-05;1.52E-05;1.26E-05;1.65E-05;1.20E-05;0.040008412;0.031830515;0.025672652;0.025672652;290.22
1168;04/09/2018;2.20E-05;2.27E-05;2.09E-05;2.05E-05;2.02E-05;1.65E-05;2.15E-05;2.45E-05;0.045877784;0.046943727;0.035527266;0.035527266;289.87
1169;05/09/2018;2.58E-05;3.38E-05;2.60E-05;3.23E-05;2.56E-05;4.30E-05;2.84E-05;1.87E-05;0.048239757;0.064425968;0.045781045;0.045781045;289.06
1170;06/09/2018;3.42E-05;3.42E-05;3.47E-05;2.97E-05;3.42E-05;2.83E-05;3.08E-05;2.93E-05;0.06723333;0.05953472;0.070395502;0.070395502;288.2
1171;07/09/2018;3.43E-05;3.74E-05;3.39E-05;3.77E-05;3.28E-05;3.40E-05;3.33E-05;2.00E-05;0.080506476;0.081979382;0.08152293;0.08152293;287.56
1172;10/09/2018;1.52E-05;1.10E-05;1.46E-05;1.02E-05;1.38E-05;1.14E-05;1.49E-05;1.01E-05;0.02907497;0.01924452;0.024172406;0.024172406;288.09
1173;11/09/2018;1.35E-05;1.39E-05;1.18E-05;1.21E-05;1.17E-05;1.15E-05;1.26E-05;1.59E-05;0.029056962;0.028264385;0.024009703;0.024009703;289.11
1174;12/09/2018;2.65E-05;2.39E-05;2.25E-05;2.34E-05;2.05E-05;2.00E-05;2.68E-05;1.83E-05;0.086563932;0.064046797;0.042772295;0.042772295;289.16
1175;13/09/2018;1.47E-05;1.13E-05;1.45E-05;9.59E-06;1.47E-05;8.65E-06;1.33E-05;1.27E-05;0.029702851;0.021884533;0.028279073;0.028279073;290.82
1176;14/09/2018;1.63E-05;1.22E-05;1.32E-05;8.17E-06;1.42E-05;8.25E-06;1.19E-05;1.01E-05;0.063502038;0.042275198;0.027088204;0.027088204;290.9
1177;17/09/2018;1.26E-05;9.27E-06;1.25E-05;9.47E-06;1.19E-05;8.83E-06;1.25E-05;7.57E-06;0.023189007;0.016178138;0.01993622;0.01993622;289.34
1178;18/09/2018;1.30E-05;1.29E-05;1.33E-05;8.72E-06;1.25E-05;7.48E-06;1.31E-05;1.48E-05;0.024952636;0.046197538;0.023303056;0.023303056;290.9
1179;19/09/2018;1.13E-05;1.14E-05;1.12E-05;9.29E-06;1.16E-05;8.49E-06;1.03E-05;9.74E-06;0.026575643;0.026451071;0.02503919;0.02503919;291.24
1180;20/09/2018;9.16E-06;7.00E-06;8.40E-06;6.70E-06;8.79E-06;6.38E-06;7.83E-06;5.21E-06;0.018792698;0.012256726;0.017862741;0.017862741;293.55
1181;21/09/2018;8.80E-06;6.93E-06;8.61E-06;6.25E-06;9.26E-06;5.96E-06;6.62E-06;5.45E-06;0.015419509;0.011692327;0.017010211;0.017010211;292.01
1182;24/09/2018;1.38E-05;1.19E-05;1.22E-05;9.56E-06;1.22E-05;9.86E-06;1.12E-05;8.04E-06;0.036201709;0.024149749;0.025322069;0.025322069;291.07
1183;25/09/2018;8.39E-06;8.94E-06;7.71E-06;5.85E-06;7.82E-06;5.52E-06;9.45E-06;7.32E-06;0.019785996;0.020484411;0.018184719;0.018184719;290.7
1184;26/09/2018;1.49E-05;2.07E-05;1.45E-05;2.01E-05;1.50E-05;1.95E-05;1.72E-05;3.14E-05;0.03682766;0.060162624;0.041170128;0.041170128;289.84
1185;27/09/2018;1.38E-05;1.00E-05;1.20E-05;7.90E-06;1.19E-05;8.18E-06;1.48E-05;1.00E-05;0.037988204;0.022279554;0.031105451;0.031105451;290.65
1186;28/09/2018;1.33E-05;1.26E-05;1.28E-05;1.18E-05;1.24E-05;1.05E-05;1.28E-05;9.59E-06;0.028159039;0.026759085;0.023871304;0.023871304;290.61
1187;01/10/2018;1.14E-05;1.06E-05;1.06E-05;1.05E-05;9.97E-06;9.23E-06;1.27E-05;1.28E-05;0.02663838;0.020357759;0.017783022;0.017783022;291.67
1188;02/10/2018;1.36E-05;1.60E-05;1.39E-05;1.48E-05;1.35E-05;1.41E-05;1.35E-05;1.50E-05;0.024105182;0.02913057;0.024239246;0.024239246;291.57
1189;03/10/2018;1.53E-05;1.36E-05;1.57E-05;1.64E-05;1.46E-05;1.50E-05;1.41E-05;1.68E-05;0.034218759;0.020087523;0.033183117;0.033183117;291.78
1190;04/10/2018;4.25E-05;4.31E-05;4.27E-05;4.12E-05;3.92E-05;4.00E-05;4.02E-05;4.14E-05;0.072748255;0.065822143;0.057430024;0.057430024;289.47
1191;05/10/2018;4.63E-05;4.35E-05;4.57E-05;3.41E-05;4.64E-05;4.18E-05;5.21E-05;5.39E-05;0.072105498;0.067546168;0.075624638;0.075624638;287.89
1192;08/10/2018;5.07E-05;4.33E-05;4.77E-05;4.37E-05;4.91E-05;4.54E-05;3.73E-05;5.27E-05;0.094916542;0.067957197;0.096709783;0.096709783;287.8
1193;09/10/2018;4.65E-05;4.37E-05;4.24E-05;4.11E-05;4.22E-05;3.86E-05;4.75E-05;4.17E-05;0.089947973;0.076213131;0.077078698;0.077078698;287.43
1194;10/10/2018;0.000130052;0.000151754;0.000122978;0.000176088;0.000125376;0.000164128;0.000139618;0.000183605;0.261891765;0.271092077;0.217034786;0.217034786;278.17
1195;11/10/2018;0.000379866;0.000388751;0.000395193;0.000384434;0.000373861;0.000384164;0.000363076;0.00040251;0.754691032;0.649494431;0.716342062;0.716342062;272.25
1196;12/10/2018;0.000204258;0.000209358;0.000194903;0.000211888;0.000198942;0.000256794;0.000195853;0.000164205;0.343712264;0.284718831;0.303017884;0.303017884;276.01
1197;15/10/2018;7.99E-05;7.75E-05;7.58E-05;5.95E-05;7.66E-05;5.34E-05;7.31E-05;0.000111324;0.171336601;0.130307088;0.176530136;0.176530136;274.48
1198;16/10/2018;4.13E-05;4.61E-05;4.44E-05;4.14E-05;4.45E-05;4.52E-05;3.40E-05;6.26E-05;0.070575649;0.084396451;0.083669988;0.083669988;280.3
1199;17/10/2018;8.30E-05;0.000104344;7.77E-05;8.85E-05;7.91E-05;8.89E-05;9.44E-05;6.02E-05;0.157754716;0.182419405;0.137055146;0.137055146;280.4
1200;18/10/2018;0.000143365;0.000121067;0.00014397;0.000121829;0.000141581;0.000121611;0.000138249;9.08E-05;0.241910278;0.184856944;0.234074699;0.234074699;276.47
1201;19/10/2018;8.10E-05;9.17E-05;8.06E-05;7.47E-05;7.83E-05;6.67E-05;8.51E-05;8.19E-05;0.132312569;0.154697027;0.129308166;0.129308166;276.19
1202;22/10/2018;8.98E-05;8.51E-05;8.70E-05;7.68E-05;8.89E-05;6.23E-05;8.23E-05;7.03E-05;0.161724902;0.148639248;0.158689181;0.158689181;275.06
1203;23/10/2018;0.000168841;0.000127296;0.000163277;0.000127389;0.000164567;0.000130898;0.000138133;0.000165241;0.282168284;0.216662658;0.290363269;0.290363269;273.54
1204;24/10/2018;0.000208202;0.000181422;0.000201837;0.000194581;0.000194064;0.000186448;0.000201482;0.000234547;0.350618946;0.280168169;0.336434049;0.336434049;265.22
1205;25/10/2018;0.000126895;0.000110512;0.000120899;0.000102995;0.000110461;0.000101202;0.000120798;0.000133858;0.248298433;0.180665109;0.201929887;0.201929887;270.14
1206;26/10/2018;0.000342912;0.000308266;0.000316459;0.000317397;0.000309742;0.00032352;0.00034118;0.000283174;0.599013928;0.478930373;0.493557629;0.493557629;265.29
1207;29/10/2018;0.000238592;0.000276885;0.000216311;0.000296377;0.000214814;0.000266459;0.000206788;0.000311698;0.45851395;0.649852866;0.398077591;0.398077591;263.8
1208;30/10/2018;0.000233019;0.00023915;0.000221287;0.000245471;0.00020939;0.000261162;0.0002067;0.00017748;0.400476045;0.340949364;0.332329591;0.332329591;267.81
1209;31/10/2018;8.80E-05;7.84E-05;8.34E-05;6.08E-05;7.99E-05;6.85E-05;8.41E-05;7.17E-05;0.150198166;0.133873441;0.125380766;0.125380766;270.69
1210;01/11/2018;8.38E-05;6.73E-05;8.06E-05;7.51E-05;8.01E-05;7.61E-05;8.03E-05;4.97E-05;0.179778059;0.122218716;0.183805848;0.183805848;273.51
1211;02/11/2018;0.000161603;0.000161594;0.000159765;0.000143055;0.000165452;0.000122978;0.000146394;0.000102265;0.376004873;0.471847487;0.451011133;0.451011133;271.8
1212;05/11/2018;3.90E-05;3.10E-05;3.75E-05;3.22E-05;3.46E-05;3.64E-05;4.01E-05;3.72E-05;0.072587493;0.048368884;0.055214383;0.055214383;273.43
1213;06/11/2018;3.61E-05;3.76E-05;3.45E-05;3.90E-05;3.26E-05;3.72E-05;3.19E-05;3.83E-05;0.074643838;0.069164324;0.058088737;0.058088737;275.11
1214;07/11/2018;3.50E-05;3.13E-05;3.24E-05;3.52E-05;3.32E-05;3.42E-05;3.57E-05;4.57E-05;0.064394223;0.049329001;0.064089089;0.064089089;280.92
1215;08/11/2018;4.54E-05;4.49E-05;4.15E-05;4.10E-05;4.13E-05;4.29E-05;4.21E-05;3.42E-05;0.088978239;0.084548997;0.07774725;0.07774725;280.44
1216;09/11/2018;6.40E-05;5.59E-05;6.15E-05;5.38E-05;6.04E-05;5.56E-05;6.39E-05;4.54E-05;0.111285808;0.084955644;0.110757101;0.110757101;277.83
1217;12/11/2018;9.93E-05;9.25E-05;9.90E-05;9.45E-05;9.37E-05;8.88E-05;9.44E-05;0.000101193;0.173750698;0.14959637;0.164515375;0.164515375;272.49
1218;13/11/2018;0.000146213;0.000165893;0.000133425;0.000161246;0.000127021;0.000145485;0.000154021;0.000129863;0.278666147;0.275826525;0.218672592;0.218672592;272.06
1219;14/11/2018;0.000144862;0.000123764;0.000140986;0.000116007;0.000138538;0.00012331;0.000125552;0.000146779;0.2969157;0.196514862;0.220253509;0.220253509;270.14
1220;15/11/2018;0.000199974;0.000184274;0.000189561;0.000181617;0.000181278;0.000190456;0.000218999;0.000206549;0.378698955;0.309586279;0.314623379;0.314623379;273.04
1221;16/11/2018;9.50E-05;8.45E-05;8.97E-05;8.43E-05;9.06E-05;8.86E-05;0.00010099;7.54E-05;0.222389797;0.153323705;0.231572635;0.231572635;273.67
1222;19/11/2018;0.000124532;0.000120357;0.000120029;0.00011312;0.000125168;0.000103173;0.000130658;8.54E-05;0.218875102;0.202732875;0.202418694;0.202418694;269.12
1223;20/11/2018;0.000167596;0.000183289;0.000170226;0.000182181;0.00017137;0.000174188;0.000171504;0.00020575;0.279196812;0.278656604;0.30005752;0.30005752;264.2
1224;21/11/2018;5.78E-05;3.82E-05;5.62E-05;4.09E-05;5.39E-05;4.07E-05;4.28E-05;4.31E-05;0.114072058;0.066789888;0.111637514;0.111637514;265.07
1225;26/11/2018;4.04E-05;4.28E-05;4.05E-05;3.83E-05;4.05E-05;3.92E-05;4.25E-05;4.46E-05;0.081543803;0.06794452;0.096049046;0.096049046;267.46
1226;27/11/2018;5.87E-05;6.14E-05;5.60E-05;5.65E-05;5.23E-05;6.58E-05;6.14E-05;4.80E-05;0.109880326;0.103050398;0.08627695;0.08627695;268.34
1227;28/11/2018;7.22E-05;8.88E-05;7.05E-05;7.56E-05;6.06E-05;6.67E-05;7.77E-05;0.000135585;0.227685835;0.376780457;0.128424959;0.128424959;274.49
1228;29/11/2018;5.96E-05;4.62E-05;4.71E-05;4.07E-05;4.33E-05;4.73E-05;4.45E-05;3.79E-05;0.195820714;0.075724462;0.088684709;0.088684709;273.96
1229;30/11/2018;3.41E-05;2.39E-05;3.19E-05;1.83E-05;3.04E-05;2.14E-05;2.93E-05;2.18E-05;0.092098791;0.044785356;0.069279049;0.069279049;275.76
1230;03/12/2018;5.67E-05;5.79E-05;5.22E-05;5.55E-05;4.95E-05;4.84E-05;6.41E-05;7.23E-05;0.106071709;0.090580046;0.081676967;0.081676967;279.23
1231;04/12/2018;0.000150597;0.000143573;0.0001623;0.000147688;0.000158377;0.000160213;0.000187658;0.000151904;0.263200422;0.238269689;0.284556547;0.284556547;270.49
1232;06/12/2018;0.000223947;0.000234451;0.000221443;0.000238621;0.000211917;0.000242873;0.000264303;0.000296751;0.39254204;0.381554759;0.346596167;0.346596167;269.93
1233;07/12/2018;0.000218008;0.000252913;0.000210661;0.000265881;0.000217998;0.00025903;0.000235139;0.000243381;0.35588783;0.358950877;0.341013566;0.341013566;263.65
1234;10/12/2018;0.000269168;0.00030629;0.000252468;0.00025172;0.00024818;0.000251585;0.000277546;0.000331495;0.470369047;0.523988658;0.436465071;0.436465071;264.08
1235;11/12/2018;0.000166374;0.00015733;0.000154363;0.000125061;0.000147374;0.000108026;0.00015756;0.000147881;0.323350264;0.276587336;0.236490556;0.236490556;264.09
1236;12/12/2018;9.81E-05;8.34E-05;9.66E-05;7.76E-05;8.63E-05;7.80E-05;9.04E-05;9.63E-05;0.186471897;0.133147137;0.133020386;0.133020386;265.51
1237;13/12/2018;0.000136216;0.000103717;0.000124259;9.17E-05;0.000126178;0.000101166;0.000123403;8.51E-05;0.266707697;0.186902157;0.228023943;0.228023943;265.37
1238;14/12/2018;0.000106078;0.000100006;0.000104204;9.11E-05;0.000101016;0.000103965;0.000104787;9.07E-05;0.178312435;0.158943143;0.157093555;0.157093555;260.49
1239;17/12/2018;0.000158818;0.000158218;0.000162471;0.000133812;0.000156634;0.000119939;0.000172146;0.000173272;0.273220823;0.264060619;0.267192184;0.267192184;255.28
1240;18/12/2018;0.000130498;0.000163959;0.000130752;0.00013179;0.000114192;0.000135564;0.000130778;0.000149495;0.288911902;0.326845503;0.198434734;0.198434734;255.14
1241;19/12/2018;0.000491679;0.000641631;0.000436723;0.000525927;0.000423615;0.000413655;0.000430363;0.000317487;2.210638019;2.139790656;1.098991072;1.098991072;251.2
1242;20/12/2018;0.000439031;0.000413677;0.000439895;0.00039455;0.000425026;0.000453479;0.000407254;0.00040342;0.733121858;0.623708234;0.64633818;0.64633818;247.24
1243;21/12/2018;0.000351431;0.000335632;0.000331868;0.000298672;0.000336011;0.000318708;0.000317762;0.000357152;0.591340934;0.679090485;0.54190625;0.54190625;240.69
1244;26/12/2018;0.000317873;0.000390744;0.000320031;0.000373794;0.00033669;0.000389764;0.000300863;0.000412095;0.49404092;0.57708618;0.542844823;0.542844823;245.945
1245;27/12/2018;0.000414691;0.000490702;0.000380898;0.000374111;0.000387951;0.000379254;0.000402872;0.000476446;0.773728534;0.958371936;0.633292061;0.633292061;248.17
1246;28/12/2018;0.000281952;0.000232256;0.00027198;0.000201;0.000274093;0.000222451;0.00025435;0.000204325;0.463939876;0.342942963;0.472635905;0.472635905;247.81
1247;31/12/2018;0.000169713;0.000132922;0.000147348;0.000112867;0.000131719;0.000103678;0.00017203;7.96E-05;0.774185606;0.359676275;0.254196936;0.254196936;250.12
1248;02/01/2019;0.000185735;0.000164515;0.00017855;0.000142452;0.000171165;0.000148926;0.000160803;0.00017686;0.342374196;0.277371553;0.297270131;0.297270131;250.26
1249;03/01/2019;0.000235824;0.000260393;0.000221493;0.00022964;0.000216059;0.000231089;0.000216506;0.00024554;0.411510254;0.466439121;0.374152798;0.374152798;244.13
1250;04/01/2019;0.000149128;0.000164594;0.000155881;0.000165201;0.000149418;0.000174931;0.000162549;0.000192652;0.301236392;0.339441536;0.308608449;0.308608449;252.47
1251;07/01/2019;9.88E-05;7.83E-05;9.71E-05;7.44E-05;9.29E-05;7.36E-05;7.34E-05;6.71E-05;0.202496423;0.15346759;0.161061085;0.161061085;254.29
1252;08/01/2019;8.09E-05;9.40E-05;7.70E-05;9.83E-05;7.41E-05;9.76E-05;8.76E-05;8.00E-05;0.156657896;0.175105935;0.124012565;0.124012565;256.69
1253;09/01/2019;8.44E-05;8.18E-05;7.61E-05;6.67E-05;7.58E-05;6.13E-05;7.37E-05;9.08E-05;0.188385477;0.170075051;0.140072177;0.140072177;257.88
1254;10/01/2019;6.08E-05;5.75E-05;5.55E-05;5.03E-05;5.95E-05;4.83E-05;6.12E-05;7.18E-05;0.107364152;0.114285852;0.108590286;0.108590286;258.96
1255;11/01/2019;3.78E-05;3.42E-05;3.52E-05;3.35E-05;3.69E-05;3.38E-05;4.01E-05;1.91E-05;0.069502004;0.058157095;0.073662576;0.073662576;258.91
1256;14/01/2019;3.80E-05;2.96E-05;3.29E-05;2.85E-05;3.04E-05;3.00E-05;3.28E-05;2.40E-05;0.083769885;0.048529358;0.062252791;0.062252791;257.46
1257;15/01/2019;4.96E-05;5.37E-05;4.56E-05;5.32E-05;4.19E-05;4.42E-05;5.80E-05;5.68E-05;0.122568803;0.121706152;0.090445482;0.090445482;260.38
1258;16/01/2019;2.82E-05;2.63E-05;2.62E-05;1.95E-05;2.58E-05;1.87E-05;2.87E-05;2.78E-05;0.05481808;0.055119994;0.047961579;0.047961579;260.95
1259;17/01/2019;4.93E-05;6.13E-05;4.99E-05;6.99E-05;4.62E-05;6.69E-05;6.17E-05;9.45E-05;0.127425858;0.150569412;0.119044796;0.119044796;262.98
1260;18/01/2019;4.25E-05;4.15E-05;3.73E-05;3.25E-05;3.88E-05;3.54E-05;4.13E-05;3.11E-05;0.080683797;0.071221369;0.064274488;0.064274488;266.42
1261;22/01/2019;8.63E-05;9.07E-05;7.03E-05;7.52E-05;6.38E-05;6.11E-05;8.69E-05;7.22E-05;0.372835457;0.264677405;0.109046296;0.109046296;262.93
1262;23/01/2019;6.94E-05;6.53E-05;6.66E-05;6.25E-05;6.55E-05;5.60E-05;6.80E-05;5.59E-05;0.144016079;0.097576487;0.106916669;0.106916669;263.31
1263;24/01/2019;5.39E-05;3.25E-05;4.27E-05;2.55E-05;3.72E-05;3.11E-05;5.22E-05;4.06E-05;0.144184793;0.056085232;0.07451942;0.07451942;263.62
1264;25/01/2019;3.26E-05;2.49E-05;2.96E-05;2.59E-05;2.87E-05;2.67E-05;2.85E-05;3.21E-05;0.068643064;0.039239536;0.053864606;0.053864606;265.82
1265;28/01/2019;5.23E-05;5.34E-05;4.79E-05;6.24E-05;4.59E-05;6.30E-05;4.02E-05;2.89E-05;0.100677245;0.080242412;0.095064006;0.095064006;263.79
1266;29/01/2019;3.22E-05;3.68E-05;3.12E-05;3.54E-05;3.03E-05;3.08E-05;2.94E-05;3.70E-05;0.064824836;0.071173857;0.054021283;0.054021283;263.43
1267;30/01/2019;6.05E-05;7.51E-05;4.74E-05;4.86E-05;4.57E-05;5.05E-05;5.84E-05;5.86E-05;0.218007499;0.296144308;0.108649133;0.108649133;267.59
1268;31/01/2019;3.68E-05;3.82E-05;3.32E-05;3.39E-05;3.10E-05;3.64E-05;3.79E-05;3.14E-05;0.083740388;0.068753681;0.053094219;0.053094219;269.89
1269;01/02/2019;3.97E-05;3.98E-05;3.99E-05;3.59E-05;4.09E-05;3.16E-05;3.60E-05;3.73E-05;0.08261247;0.097872972;0.083563891;0.083563891;270.09
1270;04/02/2019;1.98E-05;2.53E-05;1.94E-05;1.63E-05;1.97E-05;1.90E-05;2.21E-05;2.63E-05;0.051193773;0.060409834;0.05750319;0.05750319;272
1271;05/02/2019;1.84E-05;1.79E-05;1.81E-05;1.96E-05;1.76E-05;2.00E-05;1.48E-05;1.49E-05;0.031840354;0.026388222;0.029273888;0.029273888;273.19
1272;06/02/2019;2.11E-05;2.24E-05;2.15E-05;2.43E-05;2.02E-05;2.42E-05;2.53E-05;1.77E-05;0.044151607;0.046452623;0.038330675;0.038330675;272.75
1273;07/02/2019;5.75E-05;6.29E-05;5.45E-05;5.61E-05;5.29E-05;6.26E-05;5.30E-05;6.57E-05;0.11141373;0.107614792;0.092192137;0.092192137;270.19
1274;08/02/2019;3.66E-05;3.51E-05;3.63E-05;3.08E-05;3.78E-05;2.87E-05;3.78E-05;3.71E-05;0.073624614;0.079735844;0.067889855;0.067889855;270.49
1275;11/02/2019;2.91E-05;2.38E-05;2.79E-05;2.42E-05;2.38E-05;2.21E-05;2.51E-05;9.87E-06;0.065475596;0.048365873;0.043067368;0.043067368;270.6599
1276;12/02/2019;1.33E-05;1.64E-05;1.40E-05;1.70E-05;1.42E-05;1.74E-05;1.40E-05;2.04E-05;0.023647763;0.027866622;0.024351357;0.024351357;274.12
1277;13/02/2019;1.62E-05;1.65E-05;1.44E-05;1.60E-05;1.35E-05;1.61E-05;1.81E-05;2.54E-05;0.041237833;0.031852825;0.028621181;0.028621181;274.98
1278;14/02/2019;5.23E-05;3.93E-05;4.90E-05;3.49E-05;4.56E-05;3.00E-05;5.18E-05;2.87E-05;0.187503351;0.108002073;0.096711722;0.096711722;274.38
1279;15/02/2019;2.53E-05;1.97E-05;2.54E-05;2.03E-05;2.47E-05;2.20E-05;1.95E-05;1.57E-05;0.051233602;0.033068242;0.045374569;0.045374569;277.39
1280;19/02/2019;1.16E-05;1.40E-05;9.52E-06;1.19E-05;9.65E-06;1.15E-05;1.22E-05;1.64E-05;0.023461178;0.028933212;0.018151721;0.018151721;277.85
1281;20/02/2019;2.90E-05;2.45E-05;2.77E-05;1.97E-05;2.91E-05;1.87E-05;2.65E-05;2.68E-05;0.071934617;0.050843354;0.070118756;0.070118756;278.44
1282;21/02/2019;2.71E-05;2.23E-05;2.76E-05;1.82E-05;2.53E-05;1.95E-05;2.95E-05;2.23E-05;0.051084223;0.04006767;0.047096562;0.047096562;277.46
1283;22/02/2019;1.80E-05;1.44E-05;1.71E-05;1.34E-05;1.57E-05;1.15E-05;1.80E-05;1.63E-05;0.048961664;0.024540276;0.029094978;0.029094978;279.15
1284;25/02/2019;1.38E-05;1.25E-05;1.42E-05;1.12E-05;1.34E-05;1.16E-05;1.23E-05;1.42E-05;0.025672164;0.021111389;0.026562832;0.026562832;279.57
1285;26/02/2019;2.06E-05;2.45E-05;2.11E-05;2.34E-05;2.08E-05;2.73E-05;2.30E-05;2.47E-05;0.039304328;0.049820326;0.044296154;0.044296154;279.34
1286;27/02/2019;2.36E-05;2.25E-05;2.11E-05;1.95E-05;2.03E-05;1.76E-05;2.31E-05;1.48E-05;0.068092738;0.061710368;0.046973478;0.046973478;279.23
1287;28/02/2019;1.95E-05;1.48E-05;1.90E-05;1.48E-05;1.83E-05;1.50E-05;1.49E-05;1.68E-05;0.038951819;0.026510054;0.036733007;0.036733007;278.54
1288;01/03/2019;1.68E-05;1.82E-05;1.60E-05;1.95E-05;1.61E-05;1.68E-05;1.78E-05;1.99E-05;0.036454895;0.033237364;0.030242597;0.030242597;280.49
1289;04/03/2019;5.21E-05;5.83E-05;4.89E-05;5.37E-05;4.75E-05;5.62E-05;5.05E-05;7.98E-05;0.095397821;0.101443617;0.075115531;0.075115531;279.41
1290;05/03/2019;2.48E-05;2.50E-05;2.40E-05;2.35E-05;2.47E-05;2.11E-05;2.69E-05;2.82E-05;0.061120221;0.047237761;0.052544696;0.052544696;279.05
1291;06/03/2019;2.99E-05;2.66E-05;2.78E-05;2.94E-05;2.77E-05;2.82E-05;3.06E-05;3.14E-05;0.053595508;0.036237736;0.046274659;0.046274659;277.3
1292;07/03/2019;5.70E-05;5.12E-05;5.18E-05;5.01E-05;5.33E-05;4.84E-05;4.89E-05;5.87E-05;0.11739129;0.081855253;0.099230971;0.099230971;275.08
1293;08/03/2019;4.97E-05;4.83E-05;5.41E-05;4.55E-05;5.43E-05;4.91E-05;5.43E-05;3.07E-05;0.087759108;0.091868863;0.102981371;0.102981371;274.525
1294;11/03/2019;1.55E-05;1.45E-05;1.68E-05;1.49E-05;1.62E-05;1.47E-05;1.70E-05;1.58E-05;0.027354848;0.026591596;0.032198741;0.032198741;278.5
1295;12/03/2019;2.23E-05;2.10E-05;2.31E-05;2.28E-05;2.34E-05;2.32E-05;2.04E-05;1.41E-05;0.041211143;0.031980277;0.04719684;0.04719684;279.44
1296;13/03/2019;1.88E-05;1.66E-05;1.93E-05;1.30E-05;1.72E-05;1.22E-05;1.49E-05;1.82E-05;0.063115792;0.033034541;0.047145485;0.047145485;281.34
1297;14/03/2019;1.65E-05;1.37E-05;1.59E-05;1.24E-05;1.45E-05;1.33E-05;1.51E-05;1.51E-05;0.035420234;0.024888412;0.029057439;0.029057439;281.19
1298;15/03/2019;1.47E-05;1.84E-05;1.33E-05;1.72E-05;1.25E-05;1.64E-05;1.52E-05;1.63E-05;0.042187013;0.042094415;0.020900211;0.020900211;281.35
1299;18/03/2019;1.23E-05;1.60E-05;1.21E-05;1.59E-05;1.22E-05;1.61E-05;1.58E-05;1.59E-05;0.021144402;0.02801983;0.020526867;0.020526867;282.39
1300;19/03/2019;3.31E-05;5.16E-05;3.03E-05;3.17E-05;2.69E-05;3.84E-05;3.27E-05;3.66E-05;0.09593546;0.140000943;0.065558501;0.065558501;282.48
1301;20/03/2019;5.44E-05;6.08E-05;4.71E-05;3.83E-05;4.69E-05;3.18E-05;5.56E-05;5.73E-05;0.144758596;0.189091332;0.116233127;0.116233127;281.53
1302;21/03/2019;2.91E-05;3.01E-05;2.97E-05;3.11E-05;2.89E-05;3.05E-05;3.18E-05;3.87E-05;0.053026426;0.051764041;0.053103605;0.053103605;284.67
1303;22/03/2019;8.34E-05;9.26E-05;8.83E-05;8.97E-05;8.91E-05;9.88E-05;8.93E-05;0.000109189;0.126580867;0.139469871;0.134079126;0.134079126;279.25
1304;25/03/2019;6.51E-05;7.75E-05;6.93E-05;8.67E-05;6.95E-05;9.39E-05;8.44E-05;8.30E-05;0.103594991;0.152657598;0.117655867;0.117655867;279.03
1305;26/03/2019;4.04E-05;3.92E-05;4.27E-05;3.91E-05;4.07E-05;3.95E-05;3.85E-05;4.80E-05;0.063517681;0.062403168;0.065510227;0.065510227;281.03
1306;27/03/2019;6.30E-05;5.52E-05;6.08E-05;4.54E-05;6.60E-05;4.26E-05;6.57E-05;6.54E-05;0.10691004;0.1085413;0.11286334;0.11286334;279.72
1307;28/03/2019;3.78E-05;2.80E-05;3.77E-05;2.89E-05;3.64E-05;2.97E-05;2.74E-05;2.25E-05;0.09602283;0.043429332;0.08650097;0.08650097;280.78
1308;29/03/2019;2.94E-05;2.39E-05;2.88E-05;2.08E-05;2.80E-05;2.44E-05;1.96E-05;2.36E-05;0.057966478;0.044464124;0.048653261;0.048653261;282.62
1309;01/04/2019;1.76E-05;1.37E-05;1.58E-05;1.16E-05;1.53E-05;1.29E-05;1.05E-05;6.48E-06;0.055333673;0.040723333;0.027242323;0.027242323;285.89
1310;02/04/2019;1.21E-05;1.30E-05;1.24E-05;1.32E-05;1.29E-05;1.17E-05;1.07E-05;1.17E-05;0.024447837;0.024298217;0.027866831;0.027866831;285.98
1311;03/04/2019;1.95E-05;1.84E-05;1.95E-05;1.87E-05;1.89E-05;1.70E-05;2.04E-05;2.39E-05;0.0340959;0.03010894;0.030366686;0.030366686;286.51
1312;04/04/2019;1.82E-05;1.89E-05;1.88E-05;2.07E-05;1.80E-05;2.07E-05;1.90E-05;1.55E-05;0.030624186;0.028849441;0.029299698;0.029299698;287.22
1313;05/04/2019;1.09E-05;9.53E-06;9.98E-06;9.39E-06;9.93E-06;1.03E-05;1.02E-05;6.04E-06;0.023431387;0.016507904;0.01948232;0.01948232;288.53
1314;08/04/2019;1.01E-05;9.18E-06;1.00E-05;9.40E-06;9.59E-06;8.90E-06;1.01E-05;8.37E-06;0.020524289;0.016410216;0.016911468;0.016911468;288.81
1315;09/04/2019;1.92E-05;1.77E-05;1.62E-05;1.68E-05;1.52E-05;1.62E-05;1.99E-05;1.01E-05;0.050425058;0.032744692;0.028166267;0.028166267;287.305
1316;10/04/2019;1.29E-05;8.13E-06;1.17E-05;7.92E-06;1.21E-05;6.70E-06;1.19E-05;6.23E-06;0.026035802;0.014242527;0.024099267;0.024099267;288.29
1317;11/04/2019;1.81E-05;1.35E-05;1.62E-05;1.42E-05;1.33E-05;1.36E-05;1.60E-05;1.16E-05;0.080802976;0.024304717;0.035207767;0.035207767;288.23
1318;12/04/2019;9.16E-06;1.08E-05;8.75E-06;1.05E-05;8.56E-06;9.31E-06;9.22E-06;1.06E-05;0.01783489;0.021389422;0.017537844;0.017537844;290.19
1319;15/04/2019;6.83E-06;6.52E-06;6.85E-06;6.15E-06;6.54E-06;4.83E-06;6.81E-06;8.81E-06;0.013417081;0.01181538;0.012766509;0.012766509;289.99
1320;16/04/2019;9.38E-06;1.10E-05;9.81E-06;6.15E-06;9.32E-06;6.94E-06;1.00E-05;7.30E-06;0.019067447;0.034327554;0.019782264;0.019782264;290.18
1321;17/04/2019;1.80E-05;2.17E-05;1.82E-05;1.87E-05;1.75E-05;2.02E-05;2.01E-05;2.42E-05;0.032232452;0.044671698;0.029609336;0.029609336;289.48
1322;18/04/2019;1.08E-05;1.23E-05;9.78E-06;1.04E-05;1.05E-05;1.00E-05;1.33E-05;1.56E-05;0.021847228;0.024974502;0.019566803;0.019566803;290.02
1323;22/04/2019;7.15E-06;7.37E-06;7.58E-06;6.61E-06;7.21E-06;7.15E-06;7.15E-06;8.68E-06;0.014026471;0.014193934;0.014141071;0.014141071;290.31
1324;23/04/2019;8.22E-06;1.42E-05;8.06E-06;1.60E-05;8.25E-06;1.51E-05;1.10E-05;9.83E-06;0.015550623;0.025599622;0.015277388;0.015277388;292.85
1325;24/04/2019;1.01E-05;1.03E-05;9.28E-06;1.04E-05;9.64E-06;9.68E-06;9.67E-06;1.14E-05;0.021134987;0.018312993;0.020495252;0.020495252;292.23
1326;25/04/2019;1.75E-05;2.57E-05;1.72E-05;2.60E-05;1.61E-05;2.06E-05;2.03E-05;2.64E-05;0.039599319;0.060525638;0.03599242;0.03599242;292.08
1327;26/04/2019;1.61E-05;1.69E-05;1.45E-05;1.24E-05;1.46E-05;1.16E-05;1.89E-05;1.69E-05;0.043007136;0.035152774;0.035442528;0.035442528;293.44
1328;29/04/2019;7.98E-06;6.17E-06;7.94E-06;6.46E-06;8.36E-06;6.01E-06;7.41E-06;5.23E-06;0.015198615;0.011742505;0.017482307;0.017482307;293.81
1329;30/04/2019;1.84E-05;1.65E-05;1.58E-05;1.61E-05;1.52E-05;1.48E-05;1.78E-05;2.09E-05;0.047145087;0.041795909;0.027150631;0.027150631;293.97
1330;01/05/2019;3.45E-05;3.55E-05;3.56E-05;2.69E-05;3.57E-05;2.65E-05;3.04E-05;3.97E-05;0.073302067;0.092316669;0.08983736;0.08983736;291.84
1331;02/05/2019;4.89E-05;4.63E-05;4.99E-05;4.85E-05;5.14E-05;5.19E-05;4.65E-05;4.25E-05;0.07500923;0.072964938;0.083804662;0.083804662;291.27
1332;03/05/2019;1.37E-05;9.96E-06;1.20E-05;1.01E-05;1.23E-05;8.77E-06;1.32E-05;9.12E-06;0.0286102;0.017821628;0.027633167;0.027633167;294.02
1333;06/05/2019;3.34E-05;4.08E-05;3.09E-05;3.64E-05;2.87E-05;3.22E-05;3.71E-05;4.20E-05;0.073230308;0.121099614;0.067087943;0.067087943;292.87
1334;07/05/2019;0.000101786;0.00010632;0.000102244;0.000111108;0.000109778;9.56E-05;0.000103076;0.000103814;0.15926802;0.177460747;0.164641016;0.164641016;288.04
1335;08/05/2019;8.79E-05;4.76E-05;8.49E-05;4.87E-05;7.97E-05;4.17E-05;7.60E-05;6.50E-05;0.314171587;0.087214102;0.216483773;0.216483773;287.56
1336;09/05/2019;0.000102712;9.80E-05;9.99E-05;0.000108767;0.000107831;0.000112071;0.000102769;8.20E-05;0.194882307;0.141881435;0.20552323;0.20552323;286.75
1337;10/05/2019;0.000121866;0.000107688;0.000121824;0.000103902;0.000119922;0.000120345;0.000109921;0.000105888;0.215366896;0.148714515;0.211182268;0.211182268;288.02
1338;13/05/2019;0.000117832;9.71E-05;0.000112939;8.91E-05;0.00011143;8.82E-05;0.000111728;7.66E-05;0.202892308;0.159000136;0.192782345;0.192782345;280.96
1339;14/05/2019;4.72E-05;5.15E-05;4.81E-05;4.55E-05;4.71E-05;4.24E-05;5.05E-05;3.85E-05;0.082560484;0.10506419;0.084061276;0.084061276;283.33
1340;15/05/2019;5.79E-05;5.64E-05;5.60E-05;4.85E-05;5.45E-05;4.09E-05;5.88E-05;3.91E-05;0.243478387;0.199441845;0.267644881;0.267644881;285.06
1341;16/05/2019;3.10E-05;2.72E-05;2.89E-05;3.19E-05;2.91E-05;3.30E-05;2.43E-05;4.08E-05;0.061731447;0.039408706;0.050293857;0.050293857;287.63
1342;17/05/2019;7.33E-05;5.92E-05;7.24E-05;6.03E-05;7.21E-05;5.83E-05;6.22E-05;7.87E-05;0.149397744;0.11190792;0.123832726;0.123832726;285.9
1343;20/05/2019;5.16E-05;4.27E-05;5.44E-05;4.28E-05;5.27E-05;4.33E-05;6.06E-05;1.96E-05;0.097925914;0.070476385;0.096279344;0.096279344;283.97
1344;21/05/2019;1.91E-05;1.50E-05;1.73E-05;1.20E-05;1.74E-05;1.36E-05;1.58E-05;7.76E-06;0.042298975;0.026741931;0.040466227;0.040466227;286.49
1345;22/05/2019;2.72E-05;2.12E-05;2.82E-05;1.81E-05;2.59E-05;1.93E-05;2.47E-05;1.83E-05;0.054363632;0.036631917;0.04922931;0.04922931;285.62
1346;23/05/2019;5.75E-05;4.75E-05;5.66E-05;4.53E-05;5.74E-05;4.88E-05;5.33E-05;5.88E-05;0.100430916;0.072059433;0.100620252;0.100620252;282.27
1347;24/05/2019;2.25E-05;2.12E-05;2.12E-05;2.03E-05;2.28E-05;2.16E-05;2.27E-05;2.22E-05;0.040953327;0.038188894;0.037107937;0.037107937;282.8
1348;28/05/2019;3.32E-05;3.17E-05;2.81E-05;2.73E-05;2.60E-05;2.84E-05;3.05E-05;3.76E-05;0.07837306;0.057816894;0.043761696;0.043761696;280.2
1349;29/05/2019;6.13E-05;7.16E-05;5.61E-05;6.53E-05;5.36E-05;6.10E-05;7.35E-05;5.54E-05;0.124457471;0.136158716;0.089806292;0.089806292;278.34
1350;30/05/2019;3.54E-05;3.54E-05;3.22E-05;3.83E-05;3.28E-05;3.72E-05;3.84E-05;2.54E-05;0.066014978;0.051056456;0.056086991;0.056086991;279.05
1351;31/05/2019;3.89E-05;3.26E-05;3.73E-05;2.61E-05;4.06E-05;2.93E-05;3.75E-05;2.82E-05;0.066469331;0.054618255;0.074010839;0.074010839;275.37
1352;03/06/2019;0.00012284;9.54E-05;0.000119391;7.26E-05;0.00011589;7.07E-05;0.000120867;0.000120089;0.361800388;0.164860901;0.238807381;0.238807381;274.58
1353;04/06/2019;3.67E-05;3.48E-05;3.63E-05;3.70E-05;3.69E-05;3.99E-05;3.63E-05;4.33E-05;0.071526239;0.057088049;0.070549262;0.070549262;280.52
1354;05/06/2019;3.93E-05;3.80E-05;3.96E-05;3.40E-05;3.92E-05;3.33E-05;4.20E-05;2.78E-05;0.071288324;0.065561637;0.067821642;0.067821642;282.9
1355;06/06/2019;3.91E-05;3.74E-05;3.67E-05;3.62E-05;3.55E-05;3.45E-05;2.98E-05;2.33E-05;0.111163023;0.076340825;0.076149382;0.076149382;284.74
1356;07/06/2019;2.84E-05;3.36E-05;2.74E-05;2.56E-05;2.89E-05;2.45E-05;2.99E-05;3.07E-05;0.049990099;0.071223894;0.051355373;0.051355373;287.63
1357;10/06/2019;2.35E-05;2.41E-05;2.20E-05;1.86E-05;2.24E-05;1.92E-05;2.09E-05;9.24E-06;0.044789228;0.03803867;0.047070964;0.047070964;288.94
1358;11/06/2019;3.10E-05;3.18E-05;3.13E-05;3.18E-05;2.99E-05;2.84E-05;3.75E-05;2.01E-05;0.061462451;0.059706703;0.06160184;0.06160184;288.89
1359;12/06/2019;1.95E-05;1.70E-05;1.92E-05;1.29E-05;2.03E-05;1.25E-05;2.10E-05;1.32E-05;0.039025997;0.032596868;0.039812984;0.039812984;288.36
1360;13/06/2019;2.28E-05;2.44E-05;2.07E-05;2.10E-05;2.02E-05;2.15E-05;2.39E-05;2.16E-05;0.050999254;0.054275367;0.039602962;0.039602962;289.65
1361;14/06/2019;1.67E-05;2.15E-05;1.58E-05;1.71E-05;1.72E-05;1.59E-05;1.67E-05;1.80E-05;0.032823893;0.04455714;0.03559029;0.03559029;289.19
1362;17/06/2019;1.13E-05;8.16E-06;1.16E-05;8.42E-06;1.11E-05;8.13E-06;9.94E-06;8.12E-06;0.027117356;0.013243004;0.024207273;0.024207273;289.44
1363;18/06/2019;3.30E-05;3.73E-05;3.05E-05;3.84E-05;2.81E-05;3.90E-05;3.64E-05;4.12E-05;0.136220918;0.103496122;0.080219899;0.080219899;292.29
1364;19/06/2019;3.87E-05;3.45E-05;3.84E-05;2.90E-05;3.77E-05;2.98E-05;3.03E-05;1.00E-05;0.145382305;0.101188334;0.145210248;0.145210248;293.05
1365;20/06/2019;2.20E-05;2.65E-05;2.00E-05;2.58E-05;1.97E-05;2.59E-05;2.67E-05;2.91E-05;0.050389819;0.053604994;0.035419053;0.035419053;295.84
1366;21/06/2019;1.92E-05;1.66E-05;1.81E-05;1.74E-05;1.73E-05;1.73E-05;1.80E-05;2.02E-05;0.041270608;0.030157901;0.036525375;0.036525375;294.08
1367;24/06/2019;1.06E-05;7.85E-06;1.01E-05;8.17E-06;1.05E-05;8.37E-06;9.56E-06;6.00E-06;0.020637812;0.013073768;0.020156403;0.020156403;293.64
1368;25/06/2019;2.75E-05;2.89E-05;2.66E-05;2.31E-05;2.50E-05;2.33E-05;2.89E-05;3.55E-05;0.061284689;0.058632001;0.045197718;0.045197718;290.79
1369;26/06/2019;1.80E-05;2.01E-05;1.71E-05;2.12E-05;1.75E-05;2.13E-05;2.00E-05;1.89E-05;0.033428167;0.033355252;0.031726942;0.031726942;290.47
1370;27/06/2019;1.73E-05;1.28E-05;1.60E-05;1.39E-05;1.57E-05;1.53E-05;1.29E-05;5.77E-06;0.054651946;0.028726463;0.040606574;0.040606574;291.54
1371;28/06/2019;1.29E-05;9.55E-06;1.34E-05;7.18E-06;1.31E-05;5.78E-06;1.38E-05;1.17E-05;0.032389891;0.022699073;0.040901012;0.040901012;293.08
1372;01/07/2019;2.03E-05;2.22E-05;2.11E-05;2.06E-05;2.02E-05;2.03E-05;2.06E-05;1.98E-05;0.034673598;0.039055195;0.038029385;0.038029385;295.61
1373;02/07/2019;1.58E-05;2.40E-05;1.34E-05;2.29E-05;1.38E-05;2.40E-05;1.81E-05;1.81E-05;0.032426636;0.046633765;0.02721099;0.02721099;296.46
1374;05/07/2019;1.95E-05;1.91E-05;1.79E-05;1.93E-05;1.68E-05;1.88E-05;2.17E-05;1.97E-05;0.044502238;0.030082917;0.029629051;0.029629051;298.36
1375;08/07/2019;9.96E-06;1.28E-05;9.23E-06;1.45E-05;9.43E-06;1.56E-05;1.24E-05;1.29E-05;0.018713305;0.018267597;0.016613023;0.016613023;296.86
1376;09/07/2019;9.41E-06;1.02E-05;9.95E-06;9.19E-06;9.74E-06;8.70E-06;1.05E-05;8.76E-06;0.018976005;0.022792045;0.021051349;0.021051349;297.26
1377;10/07/2019;2.04E-05;1.90E-05;1.93E-05;1.80E-05;1.99E-05;1.62E-05;1.87E-05;1.96E-05;0.039552849;0.034162416;0.040614853;0.040614853;298.61
1378;11/07/2019;1.26E-05;1.02E-05;1.21E-05;9.28E-06;1.20E-05;8.65E-06;1.21E-05;1.14E-05;0.02558731;0.016962242;0.023637296;0.023637296;299.3
1379;12/07/2019;5.51E-06;4.87E-06;4.83E-06;5.42E-06;5.06E-06;5.28E-06;4.75E-06;2.82E-06;0.011245456;0.007455347;0.00959873;0.00959873;300.68
1380;15/07/2019;6.95E-06;7.23E-06;5.87E-06;4.87E-06;5.73E-06;4.32E-06;6.34E-06;6.46E-06;0.020031482;0.022006586;0.013308574;0.013308574;300.76
1381;16/07/2019;1.13E-05;1.07E-05;1.04E-05;8.24E-06;1.01E-05;1.13E-05;1.30E-05;8.63E-06;0.021267348;0.017894741;0.017809946;0.017809946;299.74
1382;17/07/2019;1.06E-05;1.58E-05;1.08E-05;1.48E-05;1.09E-05;1.44E-05;1.30E-05;1.64E-05;0.019279752;0.029490688;0.019200318;0.019200318;297.77
1383;18/07/2019;1.76E-05;1.56E-05;1.61E-05;1.38E-05;1.58E-05;1.76E-05;1.85E-05;2.03E-05;0.032858084;0.024127619;0.027104317;0.027104317;298.85
1384;19/07/2019;2.67E-05;2.70E-05;2.46E-05;1.80E-05;2.50E-05;1.90E-05;2.83E-05;2.13E-05;0.053854313;0.058720022;0.055918693;0.055918693;297.12
1385;22/07/2019;1.45E-05;1.60E-05;1.39E-05;1.59E-05;1.38E-05;1.59E-05;1.47E-05;1.08E-05;0.030751008;0.034484629;0.0304099;0.0304099;297.9165
1386;23/07/2019;1.29E-05;1.35E-05;1.19E-05;1.14E-05;1.18E-05;1.05E-05;1.35E-05;1.15E-05;0.027756377;0.030682794;0.022782746;0.022782746;299.96
1387;24/07/2019;1.01E-05;9.11E-06;9.52E-06;9.61E-06;8.92E-06;1.00E-05;1.04E-05;9.09E-06;0.021897629;0.014125975;0.015202452;0.015202452;301.38
1388;25/07/2019;2.97E-05;2.31E-05;2.78E-05;2.50E-05;2.68E-05;2.41E-05;2.79E-05;2.37E-05;0.066646217;0.032863636;0.046596364;0.046596364;299.96
1389;26/07/2019;7.73E-06;5.55E-06;6.71E-06;5.94E-06;6.74E-06;6.15E-06;6.78E-06;4.03E-06;0.017702583;0.009018297;0.016730719;0.016730719;301.99
1390;29/07/2019;8.32E-06;7.95E-06;8.02E-06;5.17E-06;7.94E-06;6.06E-06;6.83E-06;7.34E-06;0.015872377;0.01326148;0.017166596;0.017166596;301.48
1391;30/07/2019;1.54E-05;1.40E-05;1.34E-05;1.35E-05;1.25E-05;1.34E-05;1.70E-05;9.13E-06;0.038525162;0.026773983;0.028330381;0.028330381;300.82
1392;31/07/2019;0.000117787;7.39E-05;0.000126396;8.27E-05;0.000117813;7.19E-05;0.000132957;0.000112984;0.579630866;0.210263829;0.472282428;0.472282428;297.38
1393;01/08/2019;0.000134637;0.000200891;0.000141892;0.000188547;0.000135241;0.000165694;0.000171243;0.000175634;0.33088724;0.550609019;0.290412956;0.290412956;294.88
1394;02/08/2019;8.70E-05;7.92E-05;8.82E-05;7.22E-05;8.59E-05;6.94E-05;6.36E-05;8.75E-05;0.186408019;0.142093895;0.161724071;0.161724071;292.76
1395;05/08/2019;0.000119325;0.000116702;0.00011955;0.000110627;0.00012943;0.000103188;0.000134295;0.000126042;0.247840983;0.220888342;0.27043657;0.27043657;284.04
1396;06/08/2019;8.88E-05;9.92E-05;8.91E-05;9.05E-05;8.92E-05;9.64E-05;9.83E-05;0.000105963;0.143596589;0.154447359;0.150695939;0.150695939;287.77
1397;07/08/2019;0.000163364;0.000151205;0.000157944;0.000162517;0.000141168;0.000153368;0.000178215;0.000150671;0.331593914;0.246550032;0.242057008;0.242057008;288.03
1398;08/08/2019;4.00E-05;3.53E-05;3.74E-05;3.14E-05;3.79E-05;3.39E-05;3.22E-05;2.71E-05;0.089058213;0.055069658;0.086342902;0.086342902;293.55
1399;09/08/2019;8.34E-05;8.35E-05;8.13E-05;9.06E-05;7.54E-05;8.70E-05;7.51E-05;6.71E-05;0.183755544;0.154858414;0.142570617;0.142570617;291.59
1400;13/08/2019;0.000168798;0.000193094;0.000173569;8.27E-05;0.000183542;0.000107001;0.000189755;0.000218701;0.690126552;0.757865157;0.761797357;0.761797357;292.43
1401;14/08/2019;0.000135073;0.000125178;0.000128544;0.000121694;0.000127327;0.000116661;0.000112904;9.76E-05;0.289189218;0.200345748;0.259108508;0.259108508;283.92
1402;15/08/2019;0.000110898;9.50E-05;0.000108067;8.81E-05;0.000104494;9.30E-05;9.75E-05;9.64E-05;0.215186124;0.157304507;0.179898299;0.179898299;284.69
1403;16/08/2019;3.73E-05;4.43E-05;3.76E-05;3.33E-05;3.79E-05;2.96E-05;4.12E-05;2.70E-05;0.102999126;0.122276958;0.095769871;0.095769871;288.87
1404;19/08/2019;1.70E-05;1.11E-05;1.55E-05;9.57E-06;1.55E-05;9.95E-06;1.54E-05;1.16E-05;0.035519939;0.0201749;0.028247861;0.028247861;292.32
1405;20/08/2019;4.09E-05;3.69E-05;3.71E-05;2.88E-05;3.54E-05;2.84E-05;3.78E-05;3.81E-05;0.084314836;0.068517145;0.068238373;0.068238373;290.05
1406;21/08/2019;2.17E-05;1.49E-05;2.10E-05;1.30E-05;2.03E-05;1.37E-05;1.40E-05;1.08E-05;0.058947821;0.028926353;0.064864963;0.064864963;292.43
1407;22/08/2019;4.03E-05;5.56E-05;3.79E-05;4.37E-05;3.83E-05;3.20E-05;4.35E-05;5.78E-05;0.092315389;0.132715845;0.087969642;0.087969642;292.31
1408;23/08/2019;0.000154818;0.000227747;0.000158445;0.000262412;0.000147884;0.00025025;0.000202503;0.000295418;0.470693847;0.636170849;0.438987911;0.438987911;284.81
1409;26/08/2019;5.79E-05;5.43E-05;4.88E-05;4.99E-05;4.72E-05;4.43E-05;6.08E-05;5.55E-05;0.141900639;0.111207285;0.107797021;0.107797021;287.97
1410;27/08/2019;5.79E-05;5.48E-05;5.02E-05;4.86E-05;4.75E-05;5.01E-05;6.25E-05;5.11E-05;0.135330953;0.090531961;0.084810238;0.084810238;286.84
1411;28/08/2019;4.09E-05;3.89E-05;4.10E-05;3.72E-05;4.10E-05;3.84E-05;3.17E-05;4.16E-05;0.08667851;0.067003932;0.078303314;0.078303314;288.83
1412;29/08/2019;3.59E-05;3.15E-05;3.82E-05;2.71E-05;3.89E-05;2.34E-05;3.22E-05;2.26E-05;0.166148055;0.071266852;0.252690671;0.252690671;292.56
1413;30/08/2019;3.51E-05;3.26E-05;2.96E-05;3.09E-05;2.94E-05;2.88E-05;3.79E-05;3.69E-05;0.082595487;0.062006985;0.055522654;0.055522654;292.46
1414;03/09/2019;6.68E-05;7.09E-05;5.74E-05;3.71E-05;5.57E-05;4.11E-05;6.09E-05;5.66E-05;0.23262354;0.276500306;0.123019809;0.123019809;290.77
1415;04/09/2019;1.22E-05;1.05E-05;1.19E-05;1.10E-05;1.17E-05;1.15E-05;1.03E-05;8.85E-06;0.024574419;0.017695458;0.0277915;0.0277915;293.97
1416;05/09/2019;2.00E-05;1.90E-05;1.93E-05;1.86E-05;2.00E-05;1.86E-05;1.81E-05;1.77E-05;0.041420949;0.03943436;0.041258923;0.041258923;297.82
1417;06/09/2019;1.41E-05;1.45E-05;1.46E-05;1.24E-05;1.41E-05;1.08E-05;1.21E-05;1.31E-05;0.02840333;0.043880575;0.029152777;0.029152777;298.07
1418;09/09/2019;1.33E-05;1.35E-05;1.29E-05;1.21E-05;1.26E-05;1.15E-05;1.32E-05;1.39E-05;0.024440646;0.025749616;0.026716262;0.026716262;298.15
1419;10/09/2019;2.71E-05;4.08E-05;2.50E-05;3.35E-05;2.36E-05;3.16E-05;3.11E-05;4.38E-05;0.061897907;0.096846117;0.044066182;0.044066182;298.2
1420;11/09/2019;1.28E-05;1.52E-05;1.09E-05;1.23E-05;1.16E-05;1.39E-05;1.34E-05;8.26E-06;0.033625855;0.036815031;0.025953014;0.025953014;300.29
1421;12/09/2019;4.71E-05;3.30E-05;2.59E-05;2.30E-05;2.42E-05;1.76E-05;4.82E-05;4.02E-05;0.323282331;0.107128639;0.056144527;0.056144527;301.27
1422;13/09/2019;1.26E-05;1.39E-05;1.26E-05;1.37E-05;1.18E-05;1.37E-05;1.47E-05;1.41E-05;0.023983623;0.022248933;0.019572813;0.019572813;301.05
1423;16/09/2019;1.72E-05;1.50E-05;1.80E-05;1.22E-05;1.78E-05;1.09E-05;1.44E-05;8.69E-06;0.034372191;0.030060309;0.038884253;0.038884253;300.16
1424;17/09/2019;1.16E-05;9.92E-06;1.15E-05;1.10E-05;1.31E-05;1.08E-05;9.72E-06;5.95E-06;0.023817769;0.017979748;0.030124678;0.030124678;300.94
1425;18/09/2019;4.75E-05;3.33E-05;4.74E-05;2.16E-05;4.68E-05;1.90E-05;4.16E-05;3.05E-05;0.244012683;0.100479628;0.145792145;0.145792145;301.1
1426;19/09/2019;1.76E-05;1.78E-05;1.62E-05;1.41E-05;1.70E-05;1.33E-05;1.96E-05;1.72E-05;0.054028178;0.036439908;0.034211705;0.034211705;301.06
1427;20/09/2019;5.16E-05;5.46E-05;4.46E-05;3.18E-05;5.31E-05;2.14E-05;4.81E-05;3.47E-05;0.270311966;0.254037625;0.271140624;0.271140624;298.13
1428;23/09/2019;1.27E-05;1.34E-05;1.32E-05;1.43E-05;1.31E-05;1.33E-05;1.56E-05;2.02E-05;0.025745717;0.026499039;0.027397694;0.027397694;298.25
1429;24/09/2019;8.77E-05;9.60E-05;7.11E-05;7.35E-05;6.17E-05;5.11E-05;8.23E-05;0.00010084;0.401167653;0.253763129;0.122784089;0.122784089;295.81
1430;25/09/2019;3.33E-05;2.43E-05;3.32E-05;1.88E-05;3.43E-05;2.07E-05;3.19E-05;2.37E-05;0.072360902;0.062493447;0.073446835;0.073446835;297.6
1431;26/09/2019;3.90E-05;3.94E-05;3.45E-05;3.73E-05;3.53E-05;4.43E-05;4.27E-05;3.80E-05;0.092852255;0.060744741;0.072036217;0.072036217;296.97
1432;27/09/2019;5.98E-05;7.00E-05;5.08E-05;4.61E-05;4.68E-05;4.81E-05;7.13E-05;6.06E-05;0.219694415;0.208181403;0.108779235;0.108779235;295.36
1433;30/09/2019;1.93E-05;1.36E-05;1.92E-05;1.33E-05;1.86E-05;1.33E-05;1.26E-05;1.00E-05;0.045777162;0.024367542;0.044266516;0.044266516;296.83
1434;01/10/2019;5.05E-05;6.99E-05;4.92E-05;6.75E-05;4.96E-05;6.37E-05;5.43E-05;8.76E-05;0.109346229;0.177908427;0.111194558;0.111194558;293.21
1435;02/10/2019;5.87E-05;7.11E-05;5.71E-05;6.52E-05;6.00E-05;6.86E-05;6.06E-05;6.72E-05;0.108672803;0.118622253;0.119861885;0.119861885;288.04
1436;03/10/2019;0.000119158;0.0001661;8.61E-05;0.000123471;6.86E-05;0.000108711;0.000161362;0.000217574;0.954033746;0.678280383;0.209555938;0.209555938;290.37
1437;04/10/2019;3.32E-05;2.29E-05;3.17E-05;2.20E-05;2.94E-05;1.94E-05;2.78E-05;2.43E-05;0.107687923;0.041920264;0.060767614;0.060767614;294.38
1438;07/10/2019;3.87E-05;3.89E-05;3.67E-05;3.51E-05;3.88E-05;3.19E-05;4.27E-05;3.60E-05;0.087329176;0.069249972;0.098285164;0.098285164;293.11
1439;08/10/2019;9.91E-05;6.92E-05;8.46E-05;6.58E-05;7.74E-05;5.67E-05;9.45E-05;9.49E-05;0.506003182;0.124077034;0.170946796;0.170946796;288.55
1440;09/10/2019;3.51E-05;4.11E-05;3.64E-05;2.91E-05;3.32E-05;2.56E-05;3.78E-05;1.79E-05;0.098016614;0.113375297;0.099219889;0.099219889;291.23
1441;10/10/2019;4.28E-05;5.08E-05;3.86E-05;4.83E-05;3.97E-05;4.56E-05;5.07E-05;4.99E-05;0.153427357;0.123517029;0.112830279;0.112830279;293.24
1442;11/10/2019;6.38E-05;4.21E-05;4.91E-05;3.74E-05;5.12E-05;2.96E-05;4.85E-05;5.85E-05;0.242654814;0.114790508;0.158558036;0.158558036;296.26
1443;14/10/2019;1.63E-05;1.73E-05;1.56E-05;1.79E-05;1.62E-05;1.86E-05;1.72E-05;8.91E-06;0.030563722;0.031259681;0.032404623;0.032404623;296.01
1444;15/10/2019;1.65E-05;1.39E-05;1.47E-05;1.36E-05;1.44E-05;1.41E-05;1.27E-05;1.99E-05;0.032440353;0.025581108;0.025366192;0.025366192;298.9
1445;16/10/2019;1.23E-05;1.22E-05;1.18E-05;1.17E-05;1.25E-05;1.07E-05;1.30E-05;1.38E-05;0.023332738;0.019518084;0.024248259;0.024248259;298.41
1446;17/10/2019;1.74E-05;1.65E-05;1.69E-05;1.51E-05;1.73E-05;1.63E-05;1.87E-05;1.24E-05;0.035888886;0.027781784;0.037261878;0.037261878;299.24
1447;18/10/2019;2.17E-05;3.01E-05;1.90E-05;2.31E-05;1.94E-05;2.07E-05;2.37E-05;1.97E-05;0.049857519;0.060192081;0.0343706;0.0343706;297.98
1448;21/10/2019;9.69E-06;7.10E-06;1.02E-05;7.95E-06;9.85E-06;8.42E-06;9.59E-06;4.85E-06;0.020626458;0.011182218;0.024273113;0.024273113;300.05
1449;22/10/2019;1.69E-05;1.41E-05;1.61E-05;1.26E-05;1.58E-05;1.33E-05;1.50E-05;1.19E-05;0.039821435;0.026292816;0.03038079;0.03038079;299.03
1450;23/10/2019;1.31E-05;1.04E-05;1.34E-05;9.27E-06;1.46E-05;8.05E-06;1.23E-05;1.05E-05;0.031888677;0.01774461;0.044395673;0.044395673;299.86
1451;24/10/2019;1.36E-05;1.41E-05;1.30E-05;1.57E-05;1.42E-05;1.75E-05;1.51E-05;1.92E-05;0.026416342;0.021064478;0.0277639;0.0277639;300.42
1452;25/10/2019;1.05E-05;1.39E-05;1.09E-05;1.30E-05;1.08E-05;1.13E-05;1.27E-05;1.69E-05;0.017912788;0.028004157;0.01945186;0.01945186;301.64
1453;28/10/2019;8.30E-06;7.70E-06;8.13E-06;7.32E-06;8.07E-06;6.39E-06;8.37E-06;5.91E-06;0.016816921;0.01728716;0.015460944;0.015460944;303.36
1454;29/10/2019;1.35E-05;1.27E-05;1.12E-05;1.07E-05;1.13E-05;1.02E-05;1.20E-05;1.16E-05;0.056285128;0.031086179;0.022471252;0.022471252;303.2
1455;30/10/2019;2.76E-05;1.99E-05;2.66E-05;1.72E-05;2.70E-05;1.93E-05;1.77E-05;2.06E-05;0.088083035;0.0394316;0.090565347;0.090565347;304.14
1456;31/10/2019;2.69E-05;3.50E-05;2.52E-05;3.18E-05;2.77E-05;3.11E-05;3.23E-05;2.33E-05;0.052338768;0.067363838;0.057823011;0.057823011;303.26
1457;01/11/2019;9.55E-06;1.16E-05;9.22E-06;9.60E-06;9.70E-06;1.06E-05;1.17E-05;1.07E-05;0.026229729;0.023915316;0.024903712;0.024903712;306.18
1458;04/11/2019;8.43E-06;6.81E-06;8.69E-06;6.59E-06;8.57E-06;6.64E-06;8.68E-06;5.83E-06;0.016246458;0.011960283;0.01748529;0.01748529;307.34
1459;05/11/2019;1.25E-05;1.01E-05;1.20E-05;9.45E-06;1.23E-05;1.03E-05;1.42E-05;8.31E-06;0.032512811;0.023382969;0.027752784;0.027752784;307
1460;06/11/2019;1.39E-05;1.38E-05;1.24E-05;1.10E-05;1.11E-05;1.20E-05;1.07E-05;1.50E-05;0.061020226;0.034676951;0.033966806;0.033966806;307.14
1461;07/11/2019;2.02E-05;2.06E-05;1.56E-05;1.78E-05;1.39E-05;1.48E-05;1.65E-05;1.04E-05;0.101199817;0.046910239;0.041585854;0.041585854;308.22
1462;08/11/2019;1.23E-05;1.20E-05;1.22E-05;9.25E-06;1.32E-05;8.16E-06;1.47E-05;1.15E-05;0.049279382;0.048513622;0.066320406;0.066320406;308.97
1463;11/11/2019;4.54E-06;4.43E-06;4.32E-06;2.45E-06;3.93E-06;2.37E-06;4.38E-06;3.24E-06;0.012143911;0.012112086;0.009129439;0.009129439;308.39
1464;12/11/2019;1.00E-05;1.16E-05;1.02E-05;9.11E-06;9.69E-06;1.06E-05;1.05E-05;1.08E-05;0.018742508;0.021883234;0.017106083;0.017106083;308.94
1465;13/11/2019;1.91E-05;1.66E-05;1.77E-05;1.11E-05;1.65E-05;8.96E-06;2.38E-05;1.38E-05;0.073594503;0.046740382;0.047761444;0.047761444;309.07
1466;14/11/2019;1.32E-05;1.02E-05;1.18E-05;1.00E-05;1.10E-05;9.00E-06;9.47E-06;1.26E-05;0.052351242;0.018558672;0.037879857;0.037879857;309.53
1467;15/11/2019;6.15E-06;8.48E-06;6.50E-06;5.44E-06;6.44E-06;4.60E-06;7.40E-06;1.05E-05;0.012498989;0.022637452;0.015124744;0.015124744;311.83
1468;18/11/2019;9.01E-06;7.18E-06;8.54E-06;7.18E-06;8.38E-06;6.74E-06;8.25E-06;5.33E-06;0.021858882;0.013726933;0.016749879;0.016749879;311.99
1469;19/11/2019;1.18E-05;1.19E-05;9.18E-06;1.13E-05;8.43E-06;1.16E-05;1.21E-05;1.22E-05;0.045536491;0.01883612;0.016588936;0.016588936;311.89
1470;20/11/2019;3.11E-05;2.75E-05;3.03E-05;2.40E-05;3.14E-05;2.55E-05;3.26E-05;3.67E-05;0.088700951;0.070754705;0.100022191;0.100022191;310.79
1471;21/11/2019;1.80E-05;1.90E-05;1.66E-05;1.15E-05;1.53E-05;1.18E-05;2.01E-05;1.63E-05;0.051211468;0.049878203;0.033768752;0.033768752;310.29
1472;22/11/2019;9.93E-06;1.03E-05;8.73E-06;1.02E-05;8.95E-06;9.35E-06;1.20E-05;3.43E-06;0.027279893;0.01974623;0.020174399;0.020174399;311
1473;25/11/2019;5.45E-06;5.33E-06;4.44E-06;3.73E-06;5.16E-06;3.95E-06;5.37E-06;5.80E-06;0.012916733;0.011935075;0.014987048;0.014987048;313.35
1474;26/11/2019;7.68E-06;6.08E-06;7.87E-06;6.86E-06;8.12E-06;6.59E-06;7.56E-06;5.52E-06;0.016815271;0.010762988;0.020329085;0.020329085;314.02
1475;27/11/2019;4.68E-06;3.16E-06;4.72E-06;3.52E-06;4.45E-06;3.32E-06;3.73E-06;3.02E-06;0.008853257;0.004695484;0.008040417;0.008040417;315.44
1476;02/12/2019;3.44E-05;4.02E-05;3.48E-05;3.94E-05;3.43E-05;4.39E-05;3.52E-05;4.31E-05;0.081611505;0.091813263;0.07760589;0.07760589;311.6
1477;03/12/2019;3.81E-05;4.90E-05;3.68E-05;4.76E-05;3.83E-05;3.94E-05;4.63E-05;2.99E-05;0.088798249;0.106030033;0.098453938;0.098453938;309.47
1478;04/12/2019;1.26E-05;1.30E-05;1.27E-05;9.86E-06;1.25E-05;9.31E-06;1.47E-05;1.04E-05;0.03539007;0.032660938;0.02674145;0.02674145;311.47
1479;05/12/2019;1.67E-05;1.76E-05;1.41E-05;1.29E-05;1.29E-05;1.42E-05;1.74E-05;1.59E-05;0.062901924;0.043796654;0.027657533;0.027657533;312.04
1480;06/12/2019;6.84E-06;6.07E-06;6.23E-06;5.92E-06;6.43E-06;6.26E-06;5.94E-06;5.16E-06;0.017164104;0.011984208;0.015608823;0.015608823;314.82
1481;09/12/2019;5.67E-06;6.44E-06;5.46E-06;5.73E-06;5.79E-06;5.65E-06;5.25E-06;8.68E-06;0.010731895;0.014638549;0.011664788;0.011664788;313.87
1482;10/12/2019;1.79E-05;1.89E-05;1.61E-05;1.89E-05;1.42E-05;1.60E-05;1.89E-05;1.31E-05;0.063659177;0.041554953;0.032666407;0.032666407;313.55
1483;11/12/2019;1.02E-05;9.38E-06;9.22E-06;8.93E-06;9.08E-06;8.09E-06;8.62E-06;5.80E-06;0.024329019;0.019187337;0.020073879;0.020073879;314.41
1484;12/12/2019;5.26E-05;7.98E-05;4.91E-05;3.97E-05;4.21E-05;4.10E-05;6.66E-05;7.06E-05;0.214415672;0.308057155;0.094804607;0.094804607;317.14
1485;13/12/2019;4.06E-05;4.27E-05;4.26E-05;3.24E-05;4.06E-05;3.21E-05;4.27E-05;3.13E-05;0.121917774;0.125165636;0.097022316;0.097022316;317.28
1486;16/12/2019;6.76E-06;7.34E-06;6.33E-06;6.60E-06;6.54E-06;9.28E-06;7.98E-06;2.90E-06;0.015281554;0.017510015;0.013847807;0.013847807;319.51
1487;17/12/2019;8.63E-06;5.02E-06;7.71E-06;5.99E-06;7.70E-06;5.97E-06;7.22E-06;2.17E-06;0.030115181;0.008235145;0.019873623;0.019873623;319.56
1488;18/12/2019;5.82E-06;7.42E-06;5.35E-06;7.06E-06;5.38E-06;6.44E-06;6.72E-06;4.53E-06;0.012915557;0.016228401;0.010678909;0.010678909;319.57
1489;19/12/2019;4.71E-06;5.09E-06;4.12E-06;4.62E-06;4.27E-06;4.22E-06;4.42E-06;3.47E-06;0.009916054;0.009556518;0.008591176;0.008591176;320.91
1490;20/12/2019;5.34E-06;4.39E-06;4.77E-06;3.75E-06;5.02E-06;3.86E-06;5.38E-06;3.69E-06;0.01403305;0.008282962;0.013664565;0.013664565;320.95
1491;23/12/2019;2.79E-06;2.37E-06;2.66E-06;2.37E-06;2.62E-06;2.48E-06;1.72E-06;3.09E-06;0.006043965;0.00420941;0.005827053;0.005827053;321.22
1492;26/12/2019;3.55E-06;3.73E-06;2.33E-06;2.72E-06;2.44E-06;2.68E-06;3.46E-06;5.39E-06;0.015765705;0.011380887;0.0065155;0.0065155;322.91
1493;27/12/2019;7.10E-06;8.90E-06;6.85E-06;8.13E-06;7.59E-06;6.10E-06;8.47E-06;1.18E-05;0.01524525;0.02457141;0.019417182;0.019417182;322.86
1494;30/12/2019;1.71E-05;2.29E-05;1.90E-05;2.01E-05;1.83E-05;1.97E-05;2.14E-05;2.68E-05;0.03558262;0.058895882;0.038049869;0.038049869;321.1
1495;31/12/2019;1.49E-05;1.05E-05;1.26E-05;9.97E-06;1.24E-05;1.16E-05;1.41E-05;9.38E-06;0.076549764;0.020753224;0.031778529;0.031778529;321.89
